"id","slug","name","source","aliases","best_wger_score","best_wger_id","best_wger_name","best_wger_has_media","best_exercemus_score","best_exercemus_name","note"
"2aba3324-4957-42f3-a646-1bb83a93cf14","advanced-kettlebell-windmill-kettlebells","Advanced Kettlebell Windmill","free_exercise_db","","0.25","960","Kettlebell Swing","false","0","3/4 Sit-Up","wger_has_media=false"
"d6e0717e-7158-4caa-a6cc-a5a8194a960a","air-bike-body-only","Air Bike","free_exercise_db","","0.3333333333333333","624","Stationary Bike","false","0","3/4 Sit-Up","wger_has_media=false"
"3ab6bfa1-aaa4-4a78-8c9a-70fb1c018bcb","alternate-heel-touchers-body-only","Alternate Heel Touchers","free_exercise_db","","0.25","1411","Heel Touches","false","0.2","Alternate Hammer Curl","wger_has_media=false"
"0746fcb5-e676-40d9-9b44-027264137d5a","alternate-leg-diagonal-bound","Alternate Leg Diagonal Bound","free_exercise_db","","0.2","71","Single Leg Extension","false","0.16666666666666666","Alternate Hammer Curl","wger_has_media=false"
"af2c5c1b-ecca-4360-9230-dba35a8f5c6e","alternating-deltoid-raise-dumbbell","Alternating Deltoid Raise","free_exercise_db","","0.25","376","Leg Raise","false","0","3/4 Sit-Up","wger_has_media=false"
"1709aafe-036d-4b0c-99ad-46705a0e8fae","alternating-hang-clean-kettlebells","Alternating Hang Clean","free_exercise_db","","0.3333333333333333","1438","Clean","false","0","3/4 Sit-Up","wger_has_media=false"
"c22ea46a-4652-4a9d-94e2-fa4a81a703ba","alternating-kettlebell-press-kettlebells","Alternating Kettlebell Press","free_exercise_db","","0.3333333333333333","916","Smith Press","false","0.16666666666666666","Close-Grip Barbell Bench Press","wger_has_media=false"
"98294a7f-1994-4fae-9975-e660baa9fc96","alternating-kettlebell-row-kettlebells","Alternating Kettlebell Row","free_exercise_db","","0.4","1486","Alternating High Cable Row","false","0","3/4 Sit-Up","wger_has_media=false"
"c9f1ebd4-c35f-4384-891e-327f0a9e8688","alternating-renegade-row-kettlebells","Alternating Renegade Row","free_exercise_db","","0.6666666666666666","490","Renegade Row","false","0","3/4 Sit-Up","wger_has_media=false"
"8ea7bd9d-12c3-4cb6-ab78-7e73d7448fa4","ankle-circles","Ankle Circles","free_exercise_db","","0.3333333333333333","994","Forward arm circles","false","0","3/4 Sit-Up","wger_has_media=false"
"98085d6c-007b-48b2-b2c1-c678f9f32c50","ankle-on-the-knee","Ankle On The Knee","free_exercise_db","","0.2","978","Knee Raises","false","0","3/4 Sit-Up","wger_has_media=false"
"7cc34c43-eeeb-4442-b0ab-a61114540e51","anti-gravity-press-barbell","Anti-Gravity Press","free_exercise_db","","0.3333333333333333","916","Smith Press","false","0.16666666666666666","Close-Grip Barbell Bench Press","wger_has_media=false"
"6fbf1833-3f52-44c3-9c1d-0af337a56f1c","around-the-worlds-dumbbell","Around The Worlds","free_exercise_db","","0.2","1457","Cable Press Around","false","0","3/4 Sit-Up","wger_has_media=false"
"6347b58c-69aa-4713-8649-2aeaae9ba16d","atlas-stone-trainer-other","Atlas Stone Trainer","free_exercise_db","","0","57","Bear Walk 2","false","0","3/4 Sit-Up","wger_has_media=false"
"546a7e71-8a7d-4919-a87b-3228e7603fc8","atlas-stones-other","Atlas Stones","free_exercise_db","","0","57","Bear Walk 2","false","0","3/4 Sit-Up","wger_has_media=false"
"677b2405-713c-4c88-8ea5-18a3c580cdc2","axle-deadlift-other","Axle Deadlift","free_exercise_db","","0.5","1370","Dumbbell Deadlift","false","0","3/4 Sit-Up","wger_has_media=false"
"4959f115-47ec-4ea9-acf5-f4995ef72740","back-flyes-with-bands-bands","Back Flyes - With Bands","free_exercise_db","","0.2","1263","Back bridge","false","0","3/4 Sit-Up","wger_has_media=false"
"621a8a7c-083c-4dc2-9a15-a3e43fa0ee0d","backward-drag-other","Backward Drag","free_exercise_db","","0.3333333333333333","995","Backward arm circles","false","0","3/4 Sit-Up","wger_has_media=false"
"c8195d75-998a-4510-8188-8b8a7dc25194","balance-board-other","Balance Board","free_exercise_db","","0","57","Bear Walk 2","false","0","3/4 Sit-Up","wger_has_media=false"
"3ea4ec7c-abe7-4c03-ae8c-b5dd4b506ef8","band-assisted-pull-up-other","Band Assisted Pull-Up","free_exercise_db","","0.4","1380","Band pull-aparts","false","0.2","Band Skullcrusher","wger_has_media=false"
"0767b2d7-6ad4-4fbe-bd4b-fefca60282dd","band-good-morning-bands","Band Good Morning","free_exercise_db","","0.6666666666666666","1392","Good Morning","false","0.25","Band Skullcrusher","wger_has_media=false"
"91639ac8-3ac2-4310-b310-bcdc15eb5c85","band-good-morning-pull-through-bands","Band Good Morning (Pull Through)","free_exercise_db","","0.6666666666666666","1392","Good Morning","false","0.25","Band Skullcrusher","wger_has_media=false"
"834e2c3d-ca9b-4f93-85c7-3fc25add7f2e","band-hip-adductions-bands","Band Hip Adductions","free_exercise_db","","0.25","12","Seated Hip Adduction","true","0.25","Band Skullcrusher","wger_has_media=true_but_low_match"
"42de379c-a4f2-4628-9297-7922133e69bb","band-pull-apart-bands","Band Pull Apart","free_exercise_db","","0.5","1380","Band pull-aparts","false","0.25","Band Skullcrusher","wger_has_media=false"
"eb7f33fd-1ef1-4510-8a88-3d26fd1b1c3b","band-skull-crusher-bands","Band Skull Crusher","free_exercise_db","","0.5","1468","Floor Skull Crusher","false","0.25","Band Skullcrusher","wger_has_media=false"
"6a55659f-d7ee-4c4b-9cd4-9aeb9295a423","barbell-ab-rollout-barbell","Barbell Ab Rollout","free_exercise_db","","1","41","Barbell Ab Rollout","false","0.3333333333333333","Ab Roller","wger_has_media=false"
"1dc85e0b-794d-43a9-9d36-8620a53b68fe","barbell-ab-rollout-on-knees-barbell","Barbell Ab Rollout - On Knees","free_exercise_db","","0.5","41","Barbell Ab Rollout","false","0.2","Ab Roller","wger_has_media=false"
"9d5560a9-12ef-49f1-ba3f-fdcc95ebea92","barbell-curls-lying-against-an-incline-barbell","Barbell Curls Lying Against An Incline","free_exercise_db","","0.5","1530","Lying Dumbbell Curls","false","0.16666666666666666","Cable Hammer Curls (Rope Attachment)","wger_has_media=false"
"e1ffbe26-2236-409f-96f4-5261a3589a8f","barbell-glute-bridge-barbell","Barbell Glute Bridge","free_exercise_db","","1","265","Glute Bridge","false","0","3/4 Sit-Up","wger_has_media=false"
"e032dd1f-2062-4443-9c13-7501a44dbc69","barbell-incline-shoulder-raise-barbell","Barbell Incline Shoulder Raise","free_exercise_db","","0.4","1443","Shoulder Raise Side and Front DB","false","0","3/4 Sit-Up","wger_has_media=false"
"2f9ecda8-9505-401e-a3df-9aa502819d66","barbell-rollout-from-bench-barbell","Barbell Rollout from Bench","free_exercise_db","","0.25","41","Barbell Ab Rollout","false","0.16666666666666666","Close-Grip Barbell Bench Press","wger_has_media=false"
"a09b211f-ce97-488e-a687-6aeb731ea35d","barbell-shrug-behind-the-back-barbell","Barbell Shrug Behind The Back","free_exercise_db","","0.42857142857142855","1807","Behind the Back Cable Lateral Raise","false","0","3/4 Sit-Up","wger_has_media=false"
"4fe2feeb-17b1-47bd-8526-cdb1b1ada493","barbell-squat-to-a-bench-barbell","Barbell Squat To A Bench","free_exercise_db","","0.3333333333333333","1733","Isometric Squat to Failure","true","0.14285714285714285","Close-Grip Barbell Bench Press","wger_has_media=true_but_low_match"
"b8f2ae55-79bb-43f7-988d-57ca72ca517e","barbell-step-ups-barbell","Barbell Step Ups","free_exercise_db","","1","981","Step-ups","false","0","3/4 Sit-Up","wger_has_media=false"
"1de5f80f-db40-49c0-b043-46448f0baafe","barbell-walking-lunge-barbell","Barbell Walking Lunge","free_exercise_db","","0.5","1104","Walking","false","0","3/4 Sit-Up","wger_has_media=false"
"48bc4baf-511a-41d1-a13e-98bf251e6909","battling-ropes-other","Battling Ropes","free_exercise_db","","0.3333333333333333","1524","Battle Ropes","false","0","3/4 Sit-Up","wger_has_media=false"
"672300bc-99c2-495c-966b-aa4ef3773202","bear-crawl-sled-drags-other","Bear Crawl Sled Drags","free_exercise_db","","0.3333333333333333","1687","Bear crawl pull through","false","0","3/4 Sit-Up","wger_has_media=false"
"2b270a49-6e73-4a05-bf74-f5e00af472f3","behind-head-chest-stretch-other","Behind Head Chest Stretch","free_exercise_db","","0.3333333333333333","1452","Knee to Chest Stretch","false","0","3/4 Sit-Up","wger_has_media=false"
"99ecc58a-7843-400b-87f1-00d15052ce03","bench-jump-body-only","Bench Jump","free_exercise_db","","0.3333333333333333","73","Bench Press","true","0.2","Close-Grip Barbell Bench Press","wger_has_media=true_but_low_match"
"9e36475e-ccb0-4927-a2b5-edd087ba2973","bench-sprint-other","Bench Sprint","free_exercise_db","","0.3333333333333333","73","Bench Press","true","0.2","Close-Grip Barbell Bench Press","wger_has_media=true_but_low_match"
"9d31ab20-1e2f-438d-a524-014dd8a7fd3a","bent-over-dumbbell-rear-delt-raise-with-head-on-bench-dumbbell","Bent Over Dumbbell Rear Delt Raise With Head On Bench","free_exercise_db","","0.3333333333333333","829","Rear Delt Raise","true","0.08333333333333333","Close-Grip Barbell Bench Press","wger_has_media=true_but_low_match"
"301b93f8-11a6-4849-841a-5f7053d6607d","bent-arm-barbell-pullover-barbell","Bent-Arm Barbell Pullover","free_exercise_db","","0.5","1273","Pullover","false","0","3/4 Sit-Up","wger_has_media=false"
"6ee666b6-35fa-4f24-88b5-bf5634ebd1d8","bent-arm-dumbbell-pullover-dumbbell","Bent-Arm Dumbbell Pullover","free_exercise_db","","0.5","1273","Pullover","false","0","3/4 Sit-Up","wger_has_media=false"
"6008bf29-c0ff-4b84-b9d5-560950e3cd35","bent-knee-hip-raise-body-only","Bent-Knee Hip Raise","free_exercise_db","","0.4","292","Hip Raise, Lying","false","0","3/4 Sit-Up","wger_has_media=false"
"c45607e3-45b4-4acb-a913-aef68f0cb328","bicycling-other","Bicycling","free_exercise_db","","0","57","Bear Walk 2","false","0","3/4 Sit-Up","wger_has_media=false"
"ec9094c0-74d3-4bda-b949-321612cd876d","bicycling-stationary-machine","Bicycling, Stationary","free_exercise_db","","0.3333333333333333","624","Stationary Bike","false","0","3/4 Sit-Up","wger_has_media=false"
"9fd5c7ef-ea0f-481f-8e0b-f9178c7eab76","body-tricep-press-body-only","Body Tricep Press","free_exercise_db","","0.3333333333333333","916","Smith Press","false","0.16666666666666666","Close-Grip Barbell Bench Press","wger_has_media=false"
"b29ab732-a7df-4b26-a997-a85103c15fec","body-up-body-only","Body-Up","free_exercise_db","","0.3333333333333333","801","Dumbbell Push-Up","false","0.2","3/4 Sit-Up","wger_has_media=false"
"70955bd1-b9ba-480b-8adb-7ccce8681d8e","bodyweight-flyes-e-z-curl-bar","Bodyweight Flyes","free_exercise_db","","0.25","1312","Bodyweight Squat HD","false","0","3/4 Sit-Up","wger_has_media=false"
"b9406c05-7467-4cfd-8608-2920c4096564","bodyweight-mid-row-other","Bodyweight Mid Row","free_exercise_db","","0.3333333333333333","1637","Single arm row","true","0","3/4 Sit-Up","wger_has_media=true_but_low_match"
"74ef3572-2c81-4dda-9d7c-b32f73eb9837","bodyweight-walking-lunge","Bodyweight Walking Lunge","free_exercise_db","","0.5","1324","Bodyweight lunge HD","false","0","3/4 Sit-Up","wger_has_media=false"
"69583643-3825-409b-9702-1daa36b057c6","bosu-ball-cable-crunch-with-side-bends-cable","Bosu Ball Cable Crunch With Side Bends","free_exercise_db","","0.2857142857142857","576","Side Crunch","true","0.14285714285714285","Machine Crunch","wger_has_media=true_but_low_match"
"fe6d49c0-682b-4d74-bfef-e48ecf898140","bottoms-up-body-only","Bottoms Up","free_exercise_db","","0.3333333333333333","801","Dumbbell Push-Up","false","0.2","3/4 Sit-Up","wger_has_media=false"
"65c9e89c-c069-4167-ba7d-380f0aa665b0","bottoms-up-clean-from-the-hang-position-kettlebells","Bottoms-Up Clean From The Hang Position","free_exercise_db","","0.14285714285714285","1438","Clean","false","0.1","3/4 Sit-Up","wger_has_media=false"
"aa40e0b0-af2a-4c0b-abcc-ca41f8be5681","box-jump-multiple-response-other","Box Jump (Multiple Response)","free_exercise_db","","0.3333333333333333","1373","box jumps","false","0","3/4 Sit-Up","wger_has_media=false"
"3e0689a6-7a3b-462d-b65d-11358f681c1a","box-skip-other","Box Skip","free_exercise_db","","0.3333333333333333","1373","box jumps","false","0","3/4 Sit-Up","wger_has_media=false"
"86ac0232-7a9b-4472-89f7-59fe17bd306c","box-squat-with-bands-barbell","Box Squat with Bands","free_exercise_db","","0.3333333333333333","1706","Bulgarian Squat with Dumbbells","true","0","3/4 Sit-Up","wger_has_media=true_but_low_match"
"bf90573e-951a-4957-9145-a56bf106faa2","box-squat-with-chains-barbell","Box Squat with Chains","free_exercise_db","","0.3333333333333333","1706","Bulgarian Squat with Dumbbells","true","0","3/4 Sit-Up","wger_has_media=true_but_low_match"
"0a07b4f7-1126-4129-a650-5e014f448a18","brachialis-smr-foam-roll","Brachialis-SMR","free_exercise_db","","0","57","Bear Walk 2","false","0","3/4 Sit-Up","wger_has_media=false"
"e650cf77-d1c7-41ef-b182-da25427b0ffe","bradfordrocky-presses-barbell","Bradford/Rocky Presses","free_exercise_db","","0.25","373","Leg Presses (narrow)","true","0","3/4 Sit-Up","wger_has_media=true_but_low_match"
"7d884b9b-b013-4139-8163-ea4964f7a578","butt-lift-bridge-body-only","Butt Lift (Bridge)","free_exercise_db","","0.16666666666666666","1410","Plank with Alternating Leg Lift","false","0","3/4 Sit-Up","wger_has_media=false"
"58420c50-8fc6-49b7-8085-8ced9e92de8f","butt-ups-body-only","Butt-Ups","free_exercise_db","","0.3333333333333333","981","Step-ups","false","0","3/4 Sit-Up","wger_has_media=false"
"c4e8992c-90ac-446b-9090-e4b930551843","cable-crossover-cable","Cable Crossover","free_exercise_db","","0.3333333333333333","924","Cable Fly","false","0.25","Cable Hammer Curls (Rope Attachment)","wger_has_media=false"
"b696ca02-e34b-44d6-9dab-dbd220b30010","cable-incline-pushdown-cable","Cable Incline Pushdown","free_exercise_db","","0.5","805","Tricep Pushdown on Cable","false","0.3333333333333333","Triceps Pushdown","wger_has_media=false"
"23d8430a-cbcf-4ef7-883f-6832e40720a3","cable-internal-rotation-cable","Cable Internal Rotation","free_exercise_db","","0.6","1662","Cable Tri Extension - Internal Rotation","false","0.2","Cable Hammer Curls (Rope Attachment)","wger_has_media=false"
"7e34aee1-38e7-42d1-9bd5-b2b1a26b16cb","cable-judo-flip-cable","Cable Judo Flip","free_exercise_db","","0.25","924","Cable Fly","false","0.2","Cable Hammer Curls (Rope Attachment)","wger_has_media=false"
"30e151b1-6ba6-466b-8d72-4924934d955d","cable-one-arm-tricep-extension-cable","Cable One Arm Tricep Extension","free_exercise_db","","0.75","1668","One Arm Overhead Cable Tricep Extension","false","0.2","Cable Hammer Curls (Rope Attachment)","wger_has_media=false"
"43442f25-2831-41ae-95b1-97cbbf12e4a8","cable-reverse-crunch-cable","Cable Reverse Crunch","free_exercise_db","","0.6666666666666666","1772","Reverse crunch","false","0.3333333333333333","Machine Crunch","wger_has_media=false"
"af7ac2de-6be0-4433-8069-c92cb6d3a1d4","cable-russian-twists-cable","Cable Russian Twists","free_exercise_db","","0.25","924","Cable Fly","false","0.2","Cable Hammer Curls (Rope Attachment)","wger_has_media=false"
"5b146c3c-2a55-4ff9-8ba4-13ae58858986","cable-shrugs-cable","Cable Shrugs","free_exercise_db","","0.3333333333333333","924","Cable Fly","false","0.25","Cable Hammer Curls (Rope Attachment)","wger_has_media=false"
"60ae9395-6e8c-43ec-af4c-a2e6f0af19ec","calves-smr-foam-roll","Calves-SMR","free_exercise_db","","0.25","1854","Calves foam roller","true","0","3/4 Sit-Up","wger_has_media=true_but_low_match"
"bd4e8384-6cf4-4334-9be9-4d68ca9dd240","car-deadlift-other","Car Deadlift","free_exercise_db","","0.5","1370","Dumbbell Deadlift","false","0","3/4 Sit-Up","wger_has_media=false"
"60554d64-7576-4a4d-80b7-d17028986de8","car-drivers-barbell","Car Drivers","free_exercise_db","","0.3333333333333333","915","BUS DRIVERS","false","0","3/4 Sit-Up","wger_has_media=false"
"466a77c1-8e51-4f0f-855f-36fcb6a0bd9f","carioca-quick-step","Carioca Quick Step","free_exercise_db","","0.25","981","Step-ups","false","0","3/4 Sit-Up","wger_has_media=false"
"cc9e8286-49e0-4910-9438-96474ad1661a","cat-stretch","Cat Stretch","free_exercise_db","","0.3333333333333333","1239","Standing Calf Stretch","true","0","3/4 Sit-Up","wger_has_media=true_but_low_match"
"6f1b5c59-c8d6-4fc5-a27d-082757a8df57","catch-and-overhead-throw-medicine-ball","Catch and Overhead Throw","free_exercise_db","","0.2","687","Overhead Press","false","0","3/4 Sit-Up","wger_has_media=false"
"59dbd11e-d52c-47fb-9fb2-0cc80e8ed2bf","chain-handle-extension-other","Chain Handle Extension","free_exercise_db","","0.25","50","Barbell Triceps Extension","true","0","3/4 Sit-Up","wger_has_media=true_but_low_match"
"8fa16c9a-bcf9-42e3-8abe-6149a434a275","chair-leg-extended-stretch-other","Chair Leg Extended Stretch","free_exercise_db","","0.4","1393","Single Leg Hamstring Stretch","false","0","3/4 Sit-Up","wger_has_media=false"
"4129ad9c-effd-4760-ab85-aa3e06626691","chair-upper-body-stretch-other","Chair Upper Body Stretch","free_exercise_db","","0.2","112","Body-Ups","false","0.14285714285714285","Cross Body Hammer Curl","wger_has_media=false"
"f69fca5d-ad29-4626-b694-0b8eeac75d82","chest-and-front-of-shoulder-stretch-other","Chest And Front Of Shoulder Stretch","free_exercise_db","","0.375","1443","Shoulder Raise Side and Front DB","false","0","3/4 Sit-Up","wger_has_media=false"
"6b73bb59-33f2-4c73-aade-8f33f6cb7107","chest-push-multiple-response-medicine-ball","Chest Push (multiple response)","free_exercise_db","","0.3333333333333333","801","Dumbbell Push-Up","false","0","3/4 Sit-Up","wger_has_media=false"
"f2ae45da-9cdd-4f61-9b20-cf0870c21be2","chest-push-single-response-medicine-ball","Chest Push (single response)","free_exercise_db","","0.3333333333333333","801","Dumbbell Push-Up","false","0","3/4 Sit-Up","wger_has_media=false"
"055df46d-06db-45f3-867b-0591690b2998","chest-push-from-3-point-stance-medicine-ball","Chest Push from 3 point stance","free_exercise_db","","0.2","1209","Shoulder width three-point push-up","false","0.1111111111111111","3/4 Sit-Up","wger_has_media=false"
"0bd2e1ce-c61a-435e-8132-599ad9b58d59","chest-push-with-run-release-medicine-ball","Chest Push with Run Release","free_exercise_db","","0.2","527","Run","false","0","3/4 Sit-Up","wger_has_media=false"
"e136803d-526f-4a02-9219-2dd2989d08e6","chest-stretch-on-stability-ball-exercise-ball","Chest Stretch on Stability Ball","free_exercise_db","","0.2857142857142857","1452","Knee to Chest Stretch","false","0","3/4 Sit-Up","wger_has_media=false"
"633d37d5-d0ea-4663-8dad-654bf2d859bb","childs-pose","Child's Pose","free_exercise_db","","1","1002","Child's pose","false","0","3/4 Sit-Up","wger_has_media=false"
"29ad6885-a20c-44db-9c97-6eab65f53a11","chin-up-body-only","Chin-Up","free_exercise_db","","1","152","Chin Up","false","0.2","3/4 Sit-Up","wger_has_media=false"
"47c6d3ae-0fdb-4350-b18e-d1110c9eaff5","circus-bell-other","Circus Bell","free_exercise_db","","0","57","Bear Walk 2","false","0","3/4 Sit-Up","wger_has_media=false"
"e04c2535-1f81-4d31-8cd8-abde212e2306","clean-barbell","Clean","free_exercise_db","","1","1438","Clean","false","0","3/4 Sit-Up","wger_has_media=false"
"ce212309-0b43-4910-b29e-26b4f1fce88d","clean-deadlift-barbell","Clean Deadlift","free_exercise_db","","0.5","1370","Dumbbell Deadlift","false","0","3/4 Sit-Up","wger_has_media=false"
"264cc42b-24cd-4839-9fd1-bac28b2938ff","clean-from-blocks-barbell","Clean from Blocks","free_exercise_db","","0.3333333333333333","1438","Clean","false","0","3/4 Sit-Up","wger_has_media=false"
"56edfbcf-65b3-41ea-a82b-dc1b3aad9867","clean-pull-barbell","Clean Pull","free_exercise_db","","0.5","1438","Clean","false","0","3/4 Sit-Up","wger_has_media=false"
"ff3b7381-e595-4863-848f-1dfd5aee3c94","close-grip-push-up-off-of-a-dumbbell-body-only","Close-Grip Push-Up off of a Dumbbell","free_exercise_db","","0.2857142857142857","801","Dumbbell Push-Up","false","0.2222222222222222","Close-Grip Barbell Bench Press","wger_has_media=false"
"3cbc90d8-cf20-429c-b145-bc5e5e84cb93","cocoons-body-only","Cocoons","free_exercise_db","","0","57","Bear Walk 2","false","0","3/4 Sit-Up","wger_has_media=false"
"903e95b4-1ab8-481d-b28e-5d329f0faf03","conans-wheel-other","Conan's Wheel","free_exercise_db","","0.25","1573","Ab wheel","false","0","3/4 Sit-Up","wger_has_media=false"
"f2e422ae-1d04-4ce4-9e22-5566c45dfcdd","concentration-curls-dumbbell","Concentration Curls","free_exercise_db","","0.5","1289","Seated Dumbbell Curls","false","0.25","Cable Hammer Curls (Rope Attachment)","wger_has_media=false"
"ed050bde-9321-43bd-92a5-79dd235f93a6","crossover-reverse-lunge","Crossover Reverse Lunge","free_exercise_db","","0.25","999","Reverse lunges","true","0","3/4 Sit-Up","wger_has_media=true_but_low_match"
"313c0034-b010-4483-8376-f80858f58d3e","crucifix-other","Crucifix","free_exercise_db","","0","57","Bear Walk 2","false","0","3/4 Sit-Up","wger_has_media=false"
"aa4f9b76-3c56-4233-b485-e1f6b62be39d","crunch-hands-overhead-body-only","Crunch - Hands Overhead","free_exercise_db","","0.25","576","Side Crunch","true","0.3333333333333333","Machine Crunch","wger_has_media=true_but_low_match"
"a1e57e97-407b-4d76-a442-d6a845c53a04","crunch-legs-on-exercise-ball-body-only","Crunch - Legs On Exercise Ball","free_exercise_db","","0.2857142857142857","976","Medicine ball booklet crunch","false","0.2","Machine Crunch","wger_has_media=false"
"bb4b43fe-964c-41a3-bc8d-7339dafc78a5","dancers-stretch","Dancer's Stretch","free_exercise_db","","0.25","1239","Standing Calf Stretch","true","0","3/4 Sit-Up","wger_has_media=true_but_low_match"
"8bad303d-b599-4025-8e46-ebcb7d53486d","dead-bug-body-only","Dead Bug","free_exercise_db","","0.25","1463","Dumbbell Underhand Dead Row","false","0","3/4 Sit-Up","wger_has_media=false"
"5a1d4bea-6351-4389-b382-5dfc909a41ce","decline-dumbbell-flyes-dumbbell","Decline Dumbbell Flyes","free_exercise_db","","0.3333333333333333","188","Decline Pushups","false","0","3/4 Sit-Up","wger_has_media=false"
"33f2ee53-082a-4791-9cee-5ea19626c592","decline-oblique-crunch-body-only","Decline Oblique Crunch","free_exercise_db","","0.25","188","Decline Pushups","false","0.3333333333333333","Machine Crunch","wger_has_media=false"
"0093286f-f90f-4266-a02d-b6e1129e082d","decline-reverse-crunch-body-only","Decline Reverse Crunch","free_exercise_db","","0.6666666666666666","1772","Reverse crunch","false","0.3333333333333333","Machine Crunch","wger_has_media=false"
"1ad2df31-1a9b-40b6-8d41-fbe8bf42a117","deficit-deadlift-barbell","Deficit Deadlift","free_exercise_db","","1","189","Deficit Deadlift","false","0","3/4 Sit-Up","wger_has_media=false"
"4399d33f-c31f-49f7-95d2-30b3948fd515","depth-jump-leap-other","Depth Jump Leap","free_exercise_db","","0.16666666666666666","993","Jump rope: basic jumps","false","0","3/4 Sit-Up","wger_has_media=false"
"0d0048ab-da1d-4748-a8bb-f95427f630bb","dip-machine-machine","Dip Machine","free_exercise_db","","0","57","Bear Walk 2","false","0","3/4 Sit-Up","wger_has_media=false"
"4b71c410-b5c9-4eda-991b-9f49c9e8a59d","dips-chest-version-other","Dips - Chest Version","free_exercise_db","","0.3333333333333333","194","Dips","true","0.3333333333333333","Dips (Chest Focus)","wger_has_media=true_but_low_match"
"f7d74a59-36d8-4b62-8837-d49c4980c621","dips-triceps-version-body-only","Dips - Triceps Version","free_exercise_db","","0.6666666666666666","1372","Triceps Dips (Assisted)","false","0.3333333333333333","Dips (Chest Focus)","wger_has_media=false"
"1b4befe6-b90e-4df3-a9eb-43dfeed205a0","double-kettlebell-alternating-hang-clean-kettlebells","Double Kettlebell Alternating Hang Clean","free_exercise_db","","0.42857142857142855","1360","Double Kettlebell Clean and Press","false","0","3/4 Sit-Up","wger_has_media=false"
"c875cad3-d772-46c3-8bcb-2feca86fa653","double-kettlebell-jerk-kettlebells","Double Kettlebell Jerk","free_exercise_db","","0.4","1361","Double Kettlebell Front Squat","false","0","3/4 Sit-Up","wger_has_media=false"
"4259c5ba-65e3-413b-ac3f-a1f2d74bc08b","double-kettlebell-snatch-kettlebells","Double Kettlebell Snatch","free_exercise_db","","0.4","1361","Double Kettlebell Front Squat","false","0","3/4 Sit-Up","wger_has_media=false"
"a72eab5e-6a14-4db4-9eca-2d206a5cf053","double-kettlebell-windmill-kettlebells","Double Kettlebell Windmill","free_exercise_db","","0.4","1361","Double Kettlebell Front Squat","false","0","3/4 Sit-Up","wger_has_media=false"
"8a533e38-ab5c-415c-be2f-c70845baa375","double-leg-butt-kick-body-only","Double Leg Butt Kick","free_exercise_db","","0.3333333333333333","1243","Double Leg Calf Raise","true","0","3/4 Sit-Up","wger_has_media=true_but_low_match"
"1eb8e433-29e0-489c-88e2-7fee72fd7704","downward-facing-balance-exercise-ball","Downward Facing Balance","free_exercise_db","","0","57","Bear Walk 2","false","0","3/4 Sit-Up","wger_has_media=false"
"849738c7-de54-47eb-8db2-cec3a7100109","drop-push-other","Drop Push","free_exercise_db","","0.3333333333333333","801","Dumbbell Push-Up","false","0","3/4 Sit-Up","wger_has_media=false"
"d2b3f351-6955-435c-ab29-8040f2dfacb7","dumbbell-clean-dumbbell","Dumbbell Clean","free_exercise_db","","1","1438","Clean","false","0","3/4 Sit-Up","wger_has_media=false"
"e9f6e736-1694-4809-b69f-83d7fa7d7c47","dumbbell-flyes-dumbbell","Dumbbell Flyes","free_exercise_db","","0","57","Bear Walk 2","false","0","3/4 Sit-Up","wger_has_media=false"
"a437fbda-282c-4449-a9f8-ad4af1a97586","dumbbell-incline-shoulder-raise-dumbbell","Dumbbell Incline Shoulder Raise","free_exercise_db","","0.4","1443","Shoulder Raise Side and Front DB","false","0","3/4 Sit-Up","wger_has_media=false"
"6b6d6801-6e58-4caa-ad1e-c51a14839038","dumbbell-lying-pronation-dumbbell","Dumbbell Lying Pronation","free_exercise_db","","0.3333333333333333","1530","Lying Dumbbell Curls","false","0","3/4 Sit-Up","wger_has_media=false"
"1b0e001f-639b-4295-9cc2-585e777eb586","dumbbell-lying-supination-dumbbell","Dumbbell Lying Supination","free_exercise_db","","0.3333333333333333","1530","Lying Dumbbell Curls","false","0","3/4 Sit-Up","wger_has_media=false"
"d9b905ed-dcb8-405b-a3e7-e5e33fb755d2","dumbbell-scaption-dumbbell","Dumbbell Scaption","free_exercise_db","","1","1602","Dumbbell Scaption","false","0","3/4 Sit-Up","wger_has_media=false"
"a7e57789-d80f-42af-a928-fe09deca8409","dumbbell-seated-box-jump-dumbbell","Dumbbell Seated Box Jump","free_exercise_db","","0.3333333333333333","1373","box jumps","false","0","3/4 Sit-Up","wger_has_media=false"
"2fe61bac-9afa-4160-9396-271ac6856309","dumbbell-squat-to-a-bench-dumbbell","Dumbbell Squat To A Bench","free_exercise_db","","0.3333333333333333","1733","Isometric Squat to Failure","true","0.14285714285714285","Close-Grip Barbell Bench Press","wger_has_media=true_but_low_match"
"4f4d1dd3-4e8b-4683-a086-f306880d7b95","dumbbell-step-ups-dumbbell","Dumbbell Step Ups","free_exercise_db","","1","981","Step-ups","false","0","3/4 Sit-Up","wger_has_media=false"
"198ddea0-d363-40b4-8ade-077d6e8a7a07","dumbbell-tricep-extension-pronated-grip-dumbbell","Dumbbell Tricep Extension -Pronated Grip","free_exercise_db","","0.4","1266","TRX Tricep Extension","false","0.14285714285714285","Close-Grip Barbell Bench Press","wger_has_media=false"
"ae266551-ec20-4575-b432-a1cf991faa62","dynamic-back-stretch","Dynamic Back Stretch","free_exercise_db","","0.5","1010","Back neck stretch","false","0","3/4 Sit-Up","wger_has_media=false"
"f5715f30-de55-4160-938b-74cd61b0ae43","dynamic-chest-stretch","Dynamic Chest Stretch","free_exercise_db","","0.4","1452","Knee to Chest Stretch","false","0","3/4 Sit-Up","wger_has_media=false"
"319bb036-419b-44d7-a762-60e53a528a52","elbow-circles","Elbow Circles","free_exercise_db","","0.3333333333333333","994","Forward arm circles","false","0","3/4 Sit-Up","wger_has_media=false"
"bd7b2c97-0b78-4b06-8e80-59512ca958fa","elbow-to-knee-body-only","Elbow to Knee","free_exercise_db","","0.4","1406","Plank-to-Elbow Extension","false","0","3/4 Sit-Up","wger_has_media=false"
"add8532e-0117-4d8b-a028-ac5d7f2fbe30","elbows-back","Elbows Back","free_exercise_db","","0.3333333333333333","1263","Back bridge","false","0","3/4 Sit-Up","wger_has_media=false"
"791c2ff1-6215-4f2d-91b9-24fe0a2ce7ed","elliptical-trainer-machine","Elliptical Trainer","free_exercise_db","","0.5","962","Elliptical","false","0","3/4 Sit-Up","wger_has_media=false"
"680f97fb-0e70-45c7-bd2c-1dca7493c4c8","exercise-ball-crunch-exercise-ball","Exercise Ball Crunch","free_exercise_db","","0.4","976","Medicine ball booklet crunch","false","0.3333333333333333","Machine Crunch","wger_has_media=false"
"404ec495-473a-43f5-a2cd-41b2012d7b58","exercise-ball-pull-in-exercise-ball","Exercise Ball Pull-In","free_exercise_db","","0.2","165","Ball crunches","false","0","3/4 Sit-Up","wger_has_media=false"
"fe9c5159-edba-4666-9837-7b6a3ea23bdc","farmers-walk-other","Farmer's Walk","free_exercise_db","","0.5","1116","Dumbbell farmer's carrie","false","0","3/4 Sit-Up","wger_has_media=false"
"aad43457-8577-4626-8bc5-7743ab0c3653","fast-skipping-body-only","Fast Skipping","free_exercise_db","","0.3333333333333333","595","Skipping - Standard","false","0","3/4 Sit-Up","wger_has_media=false"
"4771d470-b0ff-4c3b-af63-0d8da80e0e72","finger-curls-barbell","Finger Curls","free_exercise_db","","0.5","1289","Seated Dumbbell Curls","false","0.25","Cable Hammer Curls (Rope Attachment)","wger_has_media=false"
"8f5df52e-bbe8-4661-9aa6-2bb0f80f40bc","flat-bench-cable-flyes-cable","Flat Bench Cable Flyes","free_exercise_db","","0.25","924","Cable Fly","false","0.2","Cable Hammer Curls (Rope Attachment)","wger_has_media=false"
"82b899c7-b9a1-45a2-8c19-79fe961e9508","flat-bench-leg-pull-in-body-only","Flat Bench Leg Pull-In","free_exercise_db","","0.3333333333333333","1889","Decline Bench Leg Raise","true","0.14285714285714285","Close-Grip Barbell Bench Press","wger_has_media=true_but_low_match"
"dbfcd6d6-fca9-4ae3-b4d7-dc7306db6e0a","flexor-incline-dumbbell-curls-dumbbell","Flexor Incline Dumbbell Curls","free_exercise_db","","0.5","1289","Seated Dumbbell Curls","false","0.25","Cable Hammer Curls (Rope Attachment)","wger_has_media=false"
"337587d4-b0a6-4ac3-9a2a-b35210ec53f8","floor-glute-ham-raise","Floor Glute-Ham Raise","free_exercise_db","","0.2","1000","Floor dips","true","0","3/4 Sit-Up","wger_has_media=true_but_low_match"
"85419050-e54b-4d42-8655-f6b44f606c99","flutter-kicks-body-only","Flutter Kicks","free_exercise_db","","1","235","Flutter Kicks","false","0","3/4 Sit-Up","wger_has_media=false"
"c0d7d3a5-e8ad-47a0-a430-a22f3907da5e","foot-smr-other","Foot-SMR","free_exercise_db","","0","57","Bear Walk 2","false","0","3/4 Sit-Up","wger_has_media=false"
"6255dec8-c971-4dff-846a-abbfab6a08b2","forward-drag-with-press-other","Forward Drag with Press","free_exercise_db","","0.25","916","Smith Press","false","0.14285714285714285","Close-Grip Barbell Bench Press","wger_has_media=false"
"589704b0-621f-40ee-ab3f-6cc1667dca7b","freehand-jump-squat-body-only","Freehand Jump Squat","free_exercise_db","","0.3333333333333333","1747","Smith machine squat","true","0","3/4 Sit-Up","wger_has_media=true_but_low_match"
"d5835710-6f8e-4cba-bb57-e831acdf0cdd","frog-hops","Frog Hops","free_exercise_db","","0.3333333333333333","1238","Frog stand","false","0","3/4 Sit-Up","wger_has_media=false"
"0e96e168-2ada-489e-af13-26ac0d6ea45e","frog-sit-ups-body-only","Frog Sit-Ups","free_exercise_db","","0.6666666666666666","591","Sit-ups","false","0.16666666666666666","3/4 Sit-Up","wger_has_media=false"
"573fb7db-76fa-4327-aab1-e15fc640e7a8","front-box-jump-other","Front Box Jump","free_exercise_db","","0.25","256","Front Raises","true","0","3/4 Sit-Up","wger_has_media=true_but_low_match"
"4e0fb461-abe0-4245-8da9-f8e3d75f11e2","front-cone-hops-or-hurdle-hops-other","Front Cone Hops (or hurdle hops)","free_exercise_db","","0.25","256","Front Raises","true","0","3/4 Sit-Up","wger_has_media=true_but_low_match"
"c696d3dc-5fa7-4c47-90a9-e74292ee3840","front-dumbbell-raise-dumbbell","Front Dumbbell Raise","free_exercise_db","","1","1731","Front Raise (Cable)","false","0","3/4 Sit-Up","wger_has_media=false"
"b441225e-2969-45ac-813a-42de7eed79a7","front-incline-dumbbell-raise-dumbbell","Front Incline Dumbbell Raise","free_exercise_db","","1","1731","Front Raise (Cable)","false","0","3/4 Sit-Up","wger_has_media=false"
"49bbd485-3af3-4119-9d42-545d620861fe","front-plate-raise-other","Front Plate Raise","free_exercise_db","","1","827","Front Plate Raise","false","0","3/4 Sit-Up","wger_has_media=false"
"1abc2fce-e438-4c75-b2dd-25b6298c59a2","front-raise-and-pullover-barbell","Front Raise And Pullover","free_exercise_db","","0.5","1443","Shoulder Raise Side and Front DB","false","0","3/4 Sit-Up","wger_has_media=false"
"e8e5d319-b494-42fc-9bc0-beca3483cf10","front-two-dumbbell-raise-dumbbell","Front Two-Dumbbell Raise","free_exercise_db","","0.6666666666666666","1731","Front Raise (Cable)","false","0","3/4 Sit-Up","wger_has_media=false"
"bfd0cb1d-954c-414d-804f-d9459465b2e0","full-range-of-motion-lat-pulldown-cable","Full Range-Of-Motion Lat Pulldown","free_exercise_db","","0.3333333333333333","1697","Lat Pulldown (Wide Grip)","false","0","3/4 Sit-Up","wger_has_media=false"
"66fbc5aa-e7a6-4298-8676-f65419a8daa5","gironda-sternum-chins-other","Gironda Sternum Chins","free_exercise_db","","0","57","Bear Walk 2","false","0","3/4 Sit-Up","wger_has_media=false"
"43790414-46fa-4a0a-82af-97b657f7549f","glute-ham-raise-machine","Glute Ham Raise","free_exercise_db","","0.25","265","Glute Bridge","false","0","3/4 Sit-Up","wger_has_media=false"
"e1baf172-422e-45fd-aefd-828249400d13","good-morning-barbell","Good Morning","free_exercise_db","","1","1392","Good Morning","false","0","3/4 Sit-Up","wger_has_media=false"
"b537a830-3a14-4da2-ab2b-608a1e0b1b69","good-morning-off-pins-barbell","Good Morning off Pins","free_exercise_db","","0.5","1392","Good Morning","false","0","3/4 Sit-Up","wger_has_media=false"
"b9d91138-ddb6-47d4-99a6-6bdb5920c517","gorilla-chincrunch-body-only","Gorilla Chin/Crunch","free_exercise_db","","0.25","1006","Chin tuck","false","0.3333333333333333","Machine Crunch","wger_has_media=false"
"3621c9ba-bb1d-4fe6-9362-d5234d1517d4","groin-and-back-stretch","Groin and Back Stretch","free_exercise_db","","0.4","1010","Back neck stretch","false","0.2","Adductor/Groin","wger_has_media=false"
"1b21c4a2-bd02-4034-bdb5-b5245f49a456","groiners-body-only","Groiners","free_exercise_db","","0","57","Bear Walk 2","false","0","3/4 Sit-Up","wger_has_media=false"
"7a318e8b-d867-4048-a403-6832650526f1","hamstring-smr-foam-roll","Hamstring-SMR","free_exercise_db","","0.3333333333333333","1387","Hamstring Kicks","true","0.3333333333333333","90/90 Hamstring","wger_has_media=true_but_low_match"
"c247bd23-ecc7-4ecc-a62e-b9177cb916f1","hang-clean-barbell","Hang Clean","free_exercise_db","","0.5","1438","Clean","false","0","3/4 Sit-Up","wger_has_media=false"
"0c6a32dc-56e4-45b5-9a1f-8513698c0ae8","hang-clean-below-the-knees-barbell","Hang Clean - Below the Knees","free_exercise_db","","0.2","1438","Clean","false","0","3/4 Sit-Up","wger_has_media=false"
"c1e52010-5726-4612-bf6e-071ba0fa072d","hang-snatch-barbell","Hang Snatch","free_exercise_db","","0.3333333333333333","1447","Snatch OL","false","0","3/4 Sit-Up","wger_has_media=false"
"8dd1006d-121b-49d5-8d79-18b27d68b9c0","hang-snatch-below-knees-barbell","Hang Snatch - Below Knees","free_exercise_db","","0.2","983","High knees","false","0","3/4 Sit-Up","wger_has_media=false"
"45420478-6c16-47be-80e8-84c8552dd2b7","hanging-bar-good-morning-barbell","Hanging Bar Good Morning","free_exercise_db","","0.5","1392","Good Morning","false","0.16666666666666666","EZ-Bar Curl","wger_has_media=false"
"e7da0b55-09f5-4332-b594-48a3bb3e451e","hanging-pike-body-only","Hanging Pike","free_exercise_db","","0.3333333333333333","804","Sloper hanging","false","0","3/4 Sit-Up","wger_has_media=false"
"0937ba2a-c95f-42a0-b6df-2d9510239ee5","heaving-snatch-balance-barbell","Heaving Snatch Balance","free_exercise_db","","0.25","1447","Snatch OL","false","0","3/4 Sit-Up","wger_has_media=false"
"fcbac414-c7c0-4976-93a4-180a5983549a","heavy-bag-thrust-other","Heavy Bag Thrust","free_exercise_db","","0.25","901","Barbell Hip Thrust","false","0","3/4 Sit-Up","wger_has_media=false"
"2f5bbf15-ce8a-46bf-a7ba-92d00e3b6ec3","hip-extension-with-bands-bands","Hip Extension with Bands","free_exercise_db","","0.2","12","Seated Hip Adduction","true","0","3/4 Sit-Up","wger_has_media=true_but_low_match"
"6414d434-1145-4cb2-974c-35fce6afa66b","hip-flexion-with-band-bands","Hip Flexion with Band","free_exercise_db","","0.3333333333333333","674","Rowing with TRX band","false","0.2","Band Skullcrusher","wger_has_media=false"
"e5c4fe9c-1cf5-45b8-9f1a-2c76c523e7c2","hip-lift-with-band-bands","Hip Lift with Band","free_exercise_db","","0.3333333333333333","674","Rowing with TRX band","false","0.2","Band Skullcrusher","wger_has_media=false"
"e2036cb4-3acb-4419-b6ee-f72d76f44d38","hug-a-ball-exercise-ball","Hug A Ball","free_exercise_db","","0.25","165","Ball crunches","false","0","3/4 Sit-Up","wger_has_media=false"
"2ca1e406-6ca0-41bd-8b81-9649f05c3b65","hug-knees-to-chest","Hug Knees To Chest","free_exercise_db","","0.3333333333333333","1452","Knee to Chest Stretch","false","0","3/4 Sit-Up","wger_has_media=false"
"5e042e9e-6332-4fad-91a7-8d7df4d66670","hurdle-hops-other","Hurdle Hops","free_exercise_db","","0","57","Bear Walk 2","false","0","3/4 Sit-Up","wger_has_media=false"
"0072ace9-9f03-45a9-8e4c-f7f96ca3b72f","hyperextensions-with-no-hyperextension-bench-body-only","Hyperextensions With No Hyperextension Bench","free_exercise_db","","0.25","239","Fly With Dumbbells, Decline Bench","false","0.125","Close-Grip Barbell Bench Press","wger_has_media=false"
"aea4cdc3-8083-4097-a6c2-ba7b3ef45b46","iliotibial-tract-smr-foam-roll","Iliotibial Tract-SMR","free_exercise_db","","0.16666666666666666","1857","Foam Roller Iliotibial band","true","0","3/4 Sit-Up","wger_has_media=true_but_low_match"
"3d273276-cfe8-411a-a133-9e85c2615df6","inchworm-body-only","Inchworm","free_exercise_db","","0","57","Bear Walk 2","false","0","3/4 Sit-Up","wger_has_media=false"
"f528c6ac-88aa-4dd0-807e-6bdcd75ac6a8","incline-bench-pull-barbell","Incline Bench Pull","free_exercise_db","","0.3333333333333333","73","Bench Press","true","0.2","Close-Grip Barbell Bench Press","wger_has_media=true_but_low_match"
"27b68bc0-10e2-45e3-8153-c7cba703f55a","incline-cable-flye-cable","Incline Cable Flye","free_exercise_db","","0.6666666666666666","1473","Reverse Cable Flye","false","0.25","Cable Hammer Curls (Rope Attachment)","wger_has_media=false"
"e27fe2fd-edcf-41db-ae37-c94385f05b1b","incline-dumbbell-bench-with-palms-facing-in-dumbbell","Incline Dumbbell Bench With Palms Facing In","free_exercise_db","","0.25","239","Fly With Dumbbells, Decline Bench","false","0.125","Close-Grip Barbell Bench Press","wger_has_media=false"
"de80aa39-a4c7-475b-a7fd-e4f8a50da98f","incline-dumbbell-flyes-dumbbell","Incline Dumbbell Flyes","free_exercise_db","","0","57","Bear Walk 2","false","0","3/4 Sit-Up","wger_has_media=false"
"be1f976f-c518-4354-888c-a858f79e8bfa","incline-dumbbell-flyes-with-a-twist-dumbbell","Incline Dumbbell Flyes - With A Twist","free_exercise_db","","0.3333333333333333","1868","Lunge with Twist Stretch","true","0","3/4 Sit-Up","wger_has_media=true_but_low_match"
"0157598a-58be-4b44-90b9-5f476829500d","intermediate-groin-stretch-other","Intermediate Groin Stretch","free_exercise_db","","0.25","1239","Standing Calf Stretch","true","0.25","Adductor/Groin","wger_has_media=true_but_low_match"
"c4b45906-4f68-4cd8-87d9-1be49c409e18","internal-rotation-with-band-bands","Internal Rotation with Band","free_exercise_db","","0.42857142857142855","1826","Band pull-apart with external rotation","false","0.2","Band Skullcrusher","wger_has_media=false"
"98ca5479-78df-4f2b-94da-251151ccddf7","inverted-row-with-straps-other","Inverted Row with Straps","free_exercise_db","","0.25","1637","Single arm row","true","0","3/4 Sit-Up","wger_has_media=true_but_low_match"
"57196788-7374-4813-9893-259f94c41f4e","iron-cross-dumbbell","Iron Cross","free_exercise_db","","0.25","161","Cross-Bench Dumbbell Pullovers","false","0.2","Cross Body Hammer Curl","wger_has_media=false"
"0e1437b3-f319-4aec-954a-3fb2bf449d9d","iron-crosses-stretch","Iron Crosses (stretch)","free_exercise_db","","0","57","Bear Walk 2","false","0","3/4 Sit-Up","wger_has_media=false"
"d87b99e2-f67c-40a3-9dc3-b111e12c9a1a","isometric-chest-squeezes-body-only","Isometric Chest Squeezes","free_exercise_db","","0.25","129","Chest Press","false","0","3/4 Sit-Up","wger_has_media=false"
"60048dba-3d54-47c0-9c25-87baf47a9267","isometric-neck-exercise-front-and-back-body-only","Isometric Neck Exercise - Front And Back","free_exercise_db","","0.2857142857142857","1010","Back neck stretch","false","0","3/4 Sit-Up","wger_has_media=false"
"8499e27e-6710-4362-9d70-f4e6830eedc2","isometric-neck-exercise-sides-body-only","Isometric Neck Exercise - Sides","free_exercise_db","","0.2","314","Isometric Wipers","false","0","3/4 Sit-Up","wger_has_media=false"
"7ca1d1bd-b37c-45c1-9c4d-5153eeafd629","isometric-wipers-body-only","Isometric Wipers","free_exercise_db","","1","314","Isometric Wipers","false","0","3/4 Sit-Up","wger_has_media=false"
"53f8fc66-2b23-4ff2-9de5-d96047a7be8a","jefferson-squats-barbell","Jefferson Squats","free_exercise_db","","0.5","615","Squats","false","0","3/4 Sit-Up","wger_has_media=false"
"54affd51-40d6-49a4-9455-f5c2e1de66d8","jerk-balance-barbell","Jerk Balance","free_exercise_db","","0.3333333333333333","1445","Jerk OL","false","0","3/4 Sit-Up","wger_has_media=false"
"fe158788-b41e-47b0-949d-8d12ec48e2ea","jerk-dip-squat-barbell","Jerk Dip Squat","free_exercise_db","","0.3333333333333333","1747","Smith machine squat","true","0","3/4 Sit-Up","wger_has_media=true_but_low_match"
"2faac4a9-9dcf-4109-ac36-e6288559461b","jogging-treadmill-machine","Jogging, Treadmill","free_exercise_db","","0.5","319","Jogging","false","0","3/4 Sit-Up","wger_has_media=false"
"af661fcf-a90a-4eb1-83c2-fbd9132582ac","keg-load-other","Keg Load","free_exercise_db","","0","57","Bear Walk 2","false","0","3/4 Sit-Up","wger_has_media=false"
"0731b785-08e7-4154-80b9-473050ae909b","kettlebell-arnold-press-kettlebells","Kettlebell Arnold Press","free_exercise_db","","0.5","20","Arnold Shoulder Press","false","0.16666666666666666","Close-Grip Barbell Bench Press","wger_has_media=false"
"2b372c4f-af1b-43cc-b344-1b2c9de83fb4","kettlebell-dead-clean-kettlebells","Kettlebell Dead Clean","free_exercise_db","","0.3333333333333333","1360","Double Kettlebell Clean and Press","false","0","3/4 Sit-Up","wger_has_media=false"
"c61dce5b-c246-4640-98ce-5191bc2f1801","kettlebell-figure-8-kettlebells","Kettlebell Figure 8","free_exercise_db","","0.25","960","Kettlebell Swing","false","0","3/4 Sit-Up","wger_has_media=false"
"50cae857-0a91-4d56-b6df-e6899abcd7b5","kettlebell-hang-clean-kettlebells","Kettlebell Hang Clean","free_exercise_db","","0.3333333333333333","1360","Double Kettlebell Clean and Press","false","0","3/4 Sit-Up","wger_has_media=false"
"979b144c-4c63-41ff-8a55-df09c8684230","kettlebell-pass-between-the-legs-kettlebells","Kettlebell Pass Between The Legs","free_exercise_db","","0.16666666666666666","960","Kettlebell Swing","false","0","3/4 Sit-Up","wger_has_media=false"
"aacd38a0-dabd-45b7-817c-fc1578bb4a10","kettlebell-pirate-ships-kettlebells","Kettlebell Pirate Ships","free_exercise_db","","0.25","960","Kettlebell Swing","false","0","3/4 Sit-Up","wger_has_media=false"
"cb97a2cb-1b31-4e2c-87dc-4bb4b75826c9","kettlebell-seesaw-press-kettlebells","Kettlebell Seesaw Press","free_exercise_db","","0.3333333333333333","916","Smith Press","false","0.16666666666666666","Close-Grip Barbell Bench Press","wger_has_media=false"
"9dd73ab0-b6de-4b0d-bf81-3741babb8bbd","kettlebell-thruster-kettlebells","Kettlebell Thruster","free_exercise_db","","0.5","650","Thruster","false","0","3/4 Sit-Up","wger_has_media=false"
"7b676b97-d121-436b-9867-4950d97d4361","kettlebell-turkish-get-up-lunge-style-kettlebells","Kettlebell Turkish Get-Up (Lunge style)","free_exercise_db","","0.75","675","Turkish Get-Up","false","0.14285714285714285","3/4 Sit-Up","wger_has_media=false"
"06f46f8f-a0f9-4561-98a4-9e44b8519cfc","kettlebell-turkish-get-up-squat-style-kettlebells","Kettlebell Turkish Get-Up (Squat style)","free_exercise_db","","0.75","675","Turkish Get-Up","false","0.14285714285714285","3/4 Sit-Up","wger_has_media=false"
"ece286a7-2db8-43d3-bb99-3a3059647bcb","kettlebell-windmill-kettlebells","Kettlebell Windmill","free_exercise_db","","0.3333333333333333","960","Kettlebell Swing","false","0","3/4 Sit-Up","wger_has_media=false"
"ecbd7327-79d7-44bf-a990-61fe8d175cbb","kipping-muscle-up-other","Kipping Muscle Up","free_exercise_db","","0.6666666666666666","423","Muscle up","false","0.16666666666666666","3/4 Sit-Up","wger_has_media=false"
"03c2a1c9-610a-40d5-b501-38ccba9c7cf6","knee-across-the-body","Knee Across The Body","free_exercise_db","","0.2","978","Knee Raises","false","0.14285714285714285","Cross Body Hammer Curl","wger_has_media=false"
"e6768f4a-c5f3-4145-a24b-cd056f90dd45","knee-circles-body-only","Knee Circles","free_exercise_db","","0.3333333333333333","978","Knee Raises","false","0","3/4 Sit-Up","wger_has_media=false"
"cf9000ae-4d9f-4069-b1df-542242abb024","kneehip-raise-on-parallel-bars-other","Knee/Hip Raise On Parallel Bars","free_exercise_db","","0.2857142857142857","292","Hip Raise, Lying","false","0","3/4 Sit-Up","wger_has_media=false"
"955fe440-3845-46bf-abc2-755578561076","kneeling-arm-drill","Kneeling Arm Drill","free_exercise_db","","0.3333333333333333","990","Kneeling kickbacks","false","0","3/4 Sit-Up","wger_has_media=false"
"7626aa42-2109-4132-90ae-afdff583cbac","kneeling-cable-crunch-with-alternating-oblique-twists-cable","Kneeling Cable Crunch With Alternating Oblique Twists","free_exercise_db","","0.25","237","Fly With Cable","true","0.14285714285714285","Machine Crunch","wger_has_media=true_but_low_match"
"033e64e9-7b68-4b63-8a49-90ec6dfd04f0","kneeling-forearm-stretch","Kneeling Forearm Stretch","free_exercise_db","","0.25","990","Kneeling kickbacks","false","0","3/4 Sit-Up","wger_has_media=false"
"9ffd4736-1cb1-4d0e-aba0-21fdba1bbdeb","kneeling-high-pulley-row-cable","Kneeling High Pulley Row","free_exercise_db","","0.5","1492","High Row","false","0","3/4 Sit-Up","wger_has_media=false"
"12668b27-9ea8-4af8-97a7-f9f92aa1ad39","kneeling-jump-squat-barbell","Kneeling Jump Squat","free_exercise_db","","0.3333333333333333","1747","Smith machine squat","true","0","3/4 Sit-Up","wger_has_media=true_but_low_match"
"7f666c00-7656-42dd-99d6-5a6c835625e8","kneeling-single-arm-high-pulley-row-cable","Kneeling Single-Arm High Pulley Row","free_exercise_db","","0.5","1492","High Row","false","0","3/4 Sit-Up","wger_has_media=false"
"c605a479-27c0-4f68-9c98-6c165a1e914d","landmine-180s-barbell","Landmine 180's","free_exercise_db","","0.25","346","Landmine press","false","0","3/4 Sit-Up","wger_has_media=false"
"543b5de9-3fde-4e10-ba1d-61ec3ce954c0","landmine-linear-jammer-barbell","Landmine Linear Jammer","free_exercise_db","","0.25","346","Landmine press","false","0","3/4 Sit-Up","wger_has_media=false"
"8b44890c-011c-4236-b12b-0f68b43e3961","lateral-bound-body-only","Lateral Bound","free_exercise_db","","0.3333333333333333","348","Lateral Raises","true","0","3/4 Sit-Up","wger_has_media=true_but_low_match"
"7669fade-43fc-4721-97f6-aa4f48cb740d","lateral-box-jump-other","Lateral Box Jump","free_exercise_db","","0.25","348","Lateral Raises","true","0","3/4 Sit-Up","wger_has_media=true_but_low_match"
"971df0e1-4e03-4bb3-b4cf-d0af71910c2c","lateral-cone-hops-other","Lateral Cone Hops","free_exercise_db","","0.25","348","Lateral Raises","true","0","3/4 Sit-Up","wger_has_media=true_but_low_match"
"ce8cc438-caf4-4908-a044-359d917201f1","lateral-raise-with-bands-bands","Lateral Raise - With Bands","free_exercise_db","","0.4","1365","Calf Raise with machine (seated)","false","0","3/4 Sit-Up","wger_has_media=false"
"7cf88eac-112f-4661-9c28-e675848ee644","latissimus-dorsi-smr-foam-roll","Latissimus Dorsi-SMR","free_exercise_db","","0","57","Bear Walk 2","false","0","3/4 Sit-Up","wger_has_media=false"
"511cc857-7ecc-4f13-aa2b-b37ec1c7f514","leg-extensions-machine","Leg Extensions","free_exercise_db","","0.3333333333333333","71","Single Leg Extension","false","0","3/4 Sit-Up","wger_has_media=false"
"80dc75ee-2d23-4141-b072-cac6e5d0e888","leg-lift-body-only","Leg Lift","free_exercise_db","","0.4","1410","Plank with Alternating Leg Lift","false","0","3/4 Sit-Up","wger_has_media=false"
"eb17211b-321b-4d53-8ade-0cd3ed41bbb6","leg-pull-in-body-only","Leg Pull-In","free_exercise_db","","0.3333333333333333","979","Leg raises pull up bar","false","0","3/4 Sit-Up","wger_has_media=false"
"e9fbf417-a08d-42e0-b05b-61ce436ea3c2","leg-up-hamstring-stretch","Leg-Up Hamstring Stretch","free_exercise_db","","0.75","1393","Single Leg Hamstring Stretch","false","0.2","90/90 Hamstring","wger_has_media=false"
"54d42a51-2ead-47a4-a7c8-9c0ea2fa5752","leverage-deadlift-machine","Leverage Deadlift","free_exercise_db","","0.5","1370","Dumbbell Deadlift","false","0","3/4 Sit-Up","wger_has_media=false"
"4ca3f967-cade-45b8-aa86-0f636ab9c2c0","leverage-high-row-machine","Leverage High Row","free_exercise_db","","0.6666666666666666","1492","High Row","false","0","3/4 Sit-Up","wger_has_media=false"
"30aac809-9898-49b8-a5d8-251b8fbac103","leverage-iso-row-machine","Leverage Iso Row","free_exercise_db","","1","380","Leverage Machine Iso Row","false","0","3/4 Sit-Up","wger_has_media=false"
"b35c08c3-24aa-403f-8d1c-815c58c3269e","linear-3-part-start-technique","Linear 3-Part Start Technique","free_exercise_db","","0.14285714285714285","1834","Trap-3 Raise","false","0.125","3/4 Sit-Up","wger_has_media=false"
"e66b2482-9404-4aec-92a5-4c545490a5ef","linear-acceleration-wall-drill","Linear Acceleration Wall Drill","free_exercise_db","","0.2","711","Wall Handstand","false","0","3/4 Sit-Up","wger_has_media=false"
"a183a188-ca7c-4da8-ba23-5987f56921d0","linear-depth-jump-other","Linear Depth Jump","free_exercise_db","","0.16666666666666666","993","Jump rope: basic jumps","false","0","3/4 Sit-Up","wger_has_media=false"
"54c718a5-639b-46a3-9a1a-e3f4ee9c77ce","log-lift-other","Log Lift","free_exercise_db","","0.16666666666666666","1410","Plank with Alternating Leg Lift","false","0","3/4 Sit-Up","wger_has_media=false"
"43dc5650-51aa-41dc-a2a2-4d7062456afe","london-bridges-other","London Bridges","free_exercise_db","","0","57","Bear Walk 2","false","0","3/4 Sit-Up","wger_has_media=false"
"da9a8023-3523-44c6-81ca-7ec8fd2e0e4c","looking-at-ceiling","Looking At Ceiling","free_exercise_db","","0.125","468","Prone Scapular Retraction - Arms at Side","false","0","3/4 Sit-Up","wger_has_media=false"
"eff98dc4-7f24-4fcd-874b-bd3f43e669b8","low-cable-crossover-cable","Low Cable Crossover","free_exercise_db","","0.4","1270","Low Pulley Cable fFly","false","0.2","Cable Hammer Curls (Rope Attachment)","wger_has_media=false"
"a78ba05b-177a-4cdd-a5a1-d4e630198329","low-pulley-row-to-neck-cable","Low Pulley Row To Neck","free_exercise_db","","0.3333333333333333","1022","Single Arm Plank to Row","true","0","3/4 Sit-Up","wger_has_media=true_but_low_match"
"bdb73326-b2dd-44ff-808e-19492730cea4","lunge-pass-through-kettlebells","Lunge Pass Through","free_exercise_db","","0.25","1651","Dumbbell Rear Lunge","true","0","3/4 Sit-Up","wger_has_media=true_but_low_match"
"68696ef0-adf1-4167-8aae-bb23b70a7f0b","lunge-sprint-machine","Lunge Sprint","free_exercise_db","","0.3333333333333333","1651","Dumbbell Rear Lunge","true","0","3/4 Sit-Up","wger_has_media=true_but_low_match"
"286b6158-d172-46ab-a8a4-4de747f34d38","lying-cambered-barbell-row-barbell","Lying Cambered Barbell Row","free_exercise_db","","0.4","923","LYING DUMBBELL ROW SS SEATED SHRUG","false","0","3/4 Sit-Up","wger_has_media=false"
"fff5f7f5-8c31-41d9-8b83-bf7e357cb025","lying-close-grip-bar-curl-on-high-pulley-cable","Lying Close-Grip Bar Curl On High Pulley","free_exercise_db","","0.2222222222222222","493","Reverse Bar Curl","false","0.2222222222222222","EZ-Bar Curl","wger_has_media=false"
"41d86bad-fb75-48cb-9f4f-73d7ce4abd6e","lying-close-grip-barbell-triceps-extension-behind-the-head-barbell","Lying Close-Grip Barbell Triceps Extension Behind The Head","free_exercise_db","","0.25","50","Barbell Triceps Extension","true","0.2","Close-Grip Barbell Bench Press","wger_has_media=true_but_low_match"
"a4ecae57-4eb2-40cd-b612-d13fdc6541ee","lying-crossover-body-only","Lying Crossover","free_exercise_db","","0.3333333333333333","1530","Lying Dumbbell Curls","false","0","3/4 Sit-Up","wger_has_media=false"
"948c6929-430d-491e-a240-c743811fcd1c","lying-dumbbell-tricep-extension-dumbbell","Lying Dumbbell Tricep Extension","free_exercise_db","","0.5","1266","TRX Tricep Extension","false","0","3/4 Sit-Up","wger_has_media=false"
"8f38300c-72dc-4423-bf0b-1cc54ec3aa05","lying-face-down-plate-neck-resistance-other","Lying Face Down Plate Neck Resistance","free_exercise_db","","0.14285714285714285","1079","Plate twist","true","0","3/4 Sit-Up","wger_has_media=true_but_low_match"
"5580fbc6-1502-4023-80b2-ae9db26ddf82","lying-face-up-plate-neck-resistance-other","Lying Face Up Plate Neck Resistance","free_exercise_db","","0.14285714285714285","801","Dumbbell Push-Up","false","0.1111111111111111","3/4 Sit-Up","wger_has_media=false"
"d6ccfb3e-4583-43a0-8c1c-d0aff924b5a1","lying-glute-body-only","Lying Glute","free_exercise_db","","0.3333333333333333","265","Glute Bridge","false","0","3/4 Sit-Up","wger_has_media=false"
"e6a0fb67-cc5a-49d5-8a36-91567ba8a600","lying-high-bench-barbell-curl-barbell","Lying High Bench Barbell Curl","free_exercise_db","","0.4","1535","lying bicep curl","false","0.25","Barbell Curl","wger_has_media=false"
"1893c8a2-c34b-4432-a25b-67df79d080ca","lying-one-arm-lateral-raise-dumbbell","Lying One-Arm Lateral Raise","free_exercise_db","","0.5","292","Hip Raise, Lying","false","0","3/4 Sit-Up","wger_has_media=false"
"8e8c6ece-3278-4cd3-8606-0b6a6772c063","lying-prone-quadriceps-body-only","Lying Prone Quadriceps","free_exercise_db","","0.25","1530","Lying Dumbbell Curls","false","0","3/4 Sit-Up","wger_has_media=false"
"0f8a0e19-0f4e-45d5-9b44-6e20d9b28548","lying-supine-dumbbell-curl-dumbbell","Lying Supine Dumbbell Curl","free_exercise_db","","0.5","1535","lying bicep curl","false","0.3333333333333333","Barbell Curl","wger_has_media=false"
"3c62dba4-55a5-4024-bb0e-11d47b2fad09","middle-back-shrug-dumbbell","Middle Back Shrug","free_exercise_db","","0.3333333333333333","1645","Dumbbell Shrug","true","0","3/4 Sit-Up","wger_has_media=true_but_low_match"
"1990dc68-66c6-4292-ac85-1800c5108a1e","middle-back-stretch","Middle Back Stretch","free_exercise_db","","0.5","1010","Back neck stretch","false","0","3/4 Sit-Up","wger_has_media=false"
"1b574f5b-4219-4ca2-ae0b-ee0f673f183b","mixed-grip-chin-other","Mixed Grip Chin","free_exercise_db","","0.25","1006","Chin tuck","false","0.16666666666666666","Close-Grip Barbell Bench Press","wger_has_media=false"
"ba7b7a38-6f80-4257-bea4-e2f8149546f4","monster-walk-bands","Monster Walk","free_exercise_db","","0.3333333333333333","1514","Lateral Walk","false","0","3/4 Sit-Up","wger_has_media=false"
"7a5925ca-92b6-4165-9bd3-9243298d0634","mountain-climbers","Mountain Climbers","free_exercise_db","","1","996","Mountain climbers","false","0","3/4 Sit-Up","wger_has_media=false"
"2e6ca0fb-a414-4f79-8985-020c9946219e","moving-claw-series","Moving Claw Series","free_exercise_db","","0","57","Bear Walk 2","false","0","3/4 Sit-Up","wger_has_media=false"
"03396e23-80a1-4bf8-b4f0-8d36a11518e9","muscle-snatch-barbell","Muscle Snatch","free_exercise_db","","0.3333333333333333","423","Muscle up","false","0","3/4 Sit-Up","wger_has_media=false"
"059115b5-43d7-4734-867c-60c080248f16","muscle-up-other","Muscle Up","free_exercise_db","","1","423","Muscle up","false","0.2","3/4 Sit-Up","wger_has_media=false"
"732f34d7-6e0f-4dfd-acfc-69794597bfea","narrow-stance-hack-squats-machine","Narrow Stance Hack Squats","free_exercise_db","","0.5","43","Barbell Hack Squats","false","0","3/4 Sit-Up","wger_has_media=false"
"242dba32-7101-4966-ab45-7436aa284084","narrow-stance-squats-barbell","Narrow Stance Squats","free_exercise_db","","0.3333333333333333","615","Squats","false","0","3/4 Sit-Up","wger_has_media=false"
"7e7ccc8e-353f-4eeb-bca4-6f5e14e63e4a","natural-glute-ham-raise-body-only","Natural Glute Ham Raise","free_exercise_db","","0.2","265","Glute Bridge","false","0","3/4 Sit-Up","wger_has_media=false"
"62e025f4-e92e-4311-8f7d-020810046018","neck-smr-other","Neck-SMR","free_exercise_db","","0.25","1008","Left neck stretch","false","0","3/4 Sit-Up","wger_has_media=false"
"0a5a3e0b-ab59-4fc7-87d9-f02cbe26989b","oblique-crunches-on-the-floor-body-only","Oblique Crunches - On The Floor","free_exercise_db","","0.4","172","Crunches on Machine","false","0","3/4 Sit-Up","wger_has_media=false"
"04d2cd1a-a694-45c1-bb20-fde705c5143b","one-arm-against-wall","One Arm Against Wall","free_exercise_db","","0.3333333333333333","711","Wall Handstand","false","0","3/4 Sit-Up","wger_has_media=false"
"968ecb8e-2f4f-4559-a834-8f080596df95","one-arm-chin-up-other","One Arm Chin-Up","free_exercise_db","","1","152","Chin Up","false","0.2","3/4 Sit-Up","wger_has_media=false"
"f3442b2f-5197-49c4-847f-a0b1cc71ffbe","one-arm-lat-pulldown-cable","One Arm Lat Pulldown","free_exercise_db","","1","1697","Lat Pulldown (Wide Grip)","false","0","3/4 Sit-Up","wger_has_media=false"
"d4595e36-7b61-4ed6-bff7-655b752951ba","one-half-locust","One Half Locust","free_exercise_db","","0.25","1017","Neck half circles","false","0","3/4 Sit-Up","wger_has_media=false"
"4ec1defc-dfb6-4557-9264-d4b31a727085","one-handed-hang-other","One Handed Hang","free_exercise_db","","0.25","975","one-handed kettlebell curls","false","0","3/4 Sit-Up","wger_has_media=false"
"38491b74-02ae-4361-a607-5b15e2f0c91a","one-arm-flat-bench-dumbbell-flye-dumbbell","One-Arm Flat Bench Dumbbell Flye","free_exercise_db","","0.3333333333333333","73","Bench Press","true","0.2","Close-Grip Barbell Bench Press","wger_has_media=true_but_low_match"
"88decd3f-5f94-4012-97f7-1782aac95ff1","one-arm-high-pulley-cable-side-bends-cable","One-Arm High-Pulley Cable Side Bends","free_exercise_db","","0.3333333333333333","556","Side Bends on Machine","false","0.14285714285714285","Cable Hammer Curls (Rope Attachment)","wger_has_media=false"
"bc8ae23f-0fde-4053-a531-caa62bdb6571","one-arm-incline-lateral-raise-dumbbell","One-Arm Incline Lateral Raise","free_exercise_db","","0.6666666666666666","1730","Side Lateral Raise (Cable)","false","0","3/4 Sit-Up","wger_has_media=false"
"79014d8f-3ede-4c05-baf3-777a60b2b62e","one-arm-kettlebell-clean-kettlebells","One-Arm Kettlebell Clean","free_exercise_db","","0.5","1438","Clean","false","0","3/4 Sit-Up","wger_has_media=false"
"de2dc7de-022a-4acb-ae67-e8745c8c8895","one-arm-kettlebell-jerk-kettlebells","One-Arm Kettlebell Jerk","free_exercise_db","","0.3333333333333333","960","Kettlebell Swing","false","0","3/4 Sit-Up","wger_has_media=false"
"1ae653ae-dac4-4d5f-b196-0be3f8d2eec1","one-arm-kettlebell-military-press-to-the-side-kettlebells","One-Arm Kettlebell Military Press To The Side","free_exercise_db","","0.25","583","Side to Side Push Ups","false","0.1111111111111111","Close-Grip Barbell Bench Press","wger_has_media=false"
"5d79dc98-0b19-42d4-bc8a-8c504ec6a6df","one-arm-kettlebell-para-press-kettlebells","One-Arm Kettlebell Para Press","free_exercise_db","","0.3333333333333333","916","Smith Press","false","0.16666666666666666","Close-Grip Barbell Bench Press","wger_has_media=false"
"3f40e07d-e666-44e5-904f-d5275789ecc7","one-arm-kettlebell-snatch-kettlebells","One-Arm Kettlebell Snatch","free_exercise_db","","0.3333333333333333","960","Kettlebell Swing","false","0","3/4 Sit-Up","wger_has_media=false"
"033d720b-9023-42fc-9028-28fed1b6df3f","one-arm-kettlebell-split-jerk-kettlebells","One-Arm Kettlebell Split Jerk","free_exercise_db","","0.25","960","Kettlebell Swing","false","0","3/4 Sit-Up","wger_has_media=false"
"93898b63-9b12-4129-a35c-6ab3bee2ad02","one-arm-kettlebell-split-snatch-kettlebells","One-Arm Kettlebell Split Snatch","free_exercise_db","","0.25","960","Kettlebell Swing","false","0","3/4 Sit-Up","wger_has_media=false"
"186467c8-dc18-4eae-87d7-3fabf77346b0","one-arm-kettlebell-swings-kettlebells","One-Arm Kettlebell Swings","free_exercise_db","","1","331","Kettlebell Swings","false","0","3/4 Sit-Up","wger_has_media=false"
"a7b039e1-c85e-48ec-9b5d-4bd47d602de2","one-arm-open-palm-kettlebell-clean-kettlebells","One-Arm Open Palm Kettlebell Clean","free_exercise_db","","0.2857142857142857","1360","Double Kettlebell Clean and Press","false","0","3/4 Sit-Up","wger_has_media=false"
"155104b2-3e6e-4966-8b3e-26a3effc7569","one-arm-overhead-kettlebell-squats-kettlebells","One-Arm Overhead Kettlebell Squats","free_exercise_db","","0.3333333333333333","615","Squats","false","0","3/4 Sit-Up","wger_has_media=false"
"8beb03ec-980e-402d-8218-081db0984e2b","one-arm-side-deadlift-barbell","One-Arm Side Deadlift","free_exercise_db","","0.5","1370","Dumbbell Deadlift","false","0","3/4 Sit-Up","wger_has_media=false"
"5d25a0f8-fa5f-4fd0-aef7-f6f61ef80fee","one-arm-side-laterals-dumbbell","One-Arm Side Laterals","free_exercise_db","","0.3333333333333333","918","Seated Dumbbell Side Lateral","false","0","3/4 Sit-Up","wger_has_media=false"
"c7c0347f-09b2-4ac2-805e-6aeda0f20ac8","one-legged-cable-kickback-cable","One-Legged Cable Kickback","free_exercise_db","","0.5","1509","Cable Tricep Kickback","false","0.2","Cable Hammer Curls (Rope Attachment)","wger_has_media=false"
"ee1bcfce-49e2-4af6-ae38-dd43eca9d4e0","open-palm-kettlebell-clean-kettlebells","Open Palm Kettlebell Clean","free_exercise_db","","0.2857142857142857","1360","Double Kettlebell Clean and Press","false","0","3/4 Sit-Up","wger_has_media=false"
"738d2d4a-fff1-49b0-a0ca-7670c6b26f59","otis-up-other","Otis-Up","free_exercise_db","","0.3333333333333333","801","Dumbbell Push-Up","false","0.2","3/4 Sit-Up","wger_has_media=false"
"e10a9fee-4ba6-463f-bdcc-8b9d3b11360b","overhead-lat-other","Overhead Lat","free_exercise_db","","0.3333333333333333","1697","Lat Pulldown (Wide Grip)","false","0","3/4 Sit-Up","wger_has_media=false"
"dec9ef5e-1ed8-4568-81dc-d638e6036aee","overhead-slam-medicine-ball","Overhead Slam","free_exercise_db","","0.3333333333333333","687","Overhead Press","false","0","3/4 Sit-Up","wger_has_media=false"
"8c075777-4718-4fbf-b3d4-501a720056a8","overhead-stretch","Overhead Stretch","free_exercise_db","","0.3333333333333333","687","Overhead Press","false","0","3/4 Sit-Up","wger_has_media=false"
"bc6733a8-8268-49d8-a745-ed0499633cbf","palms-down-dumbbell-wrist-curl-over-a-bench-dumbbell","Palms-Down Dumbbell Wrist Curl Over A Bench","free_exercise_db","","0.2857142857142857","51","Barbell Wrist Curl","true","0.14285714285714285","Barbell Curl","wger_has_media=true_but_low_match"
"6f8c6c5d-2bea-41eb-9042-949115244800","palms-down-wrist-curl-over-a-bench-barbell","Palms-Down Wrist Curl Over A Bench","free_exercise_db","","0.2857142857142857","51","Barbell Wrist Curl","true","0.14285714285714285","Barbell Curl","wger_has_media=true_but_low_match"
"008e892f-d455-4784-b97b-fc4f8787aa8c","palms-up-barbell-wrist-curl-over-a-bench-barbell","Palms-Up Barbell Wrist Curl Over A Bench","free_exercise_db","","0.2857142857142857","51","Barbell Wrist Curl","true","0.14285714285714285","Barbell Curl","wger_has_media=true_but_low_match"
"1c5cbdb4-22fa-46e9-a86d-e0babc77d284","palms-up-dumbbell-wrist-curl-over-a-bench-dumbbell","Palms-Up Dumbbell Wrist Curl Over A Bench","free_exercise_db","","0.2857142857142857","51","Barbell Wrist Curl","true","0.14285714285714285","Barbell Curl","wger_has_media=true_but_low_match"
"0a40d403-80a8-496b-8ddb-ccc17fe6572d","parallel-bar-dip-other","Parallel Bar Dip","free_exercise_db","","0.5","1808","Parallel Bar Hold","false","0.2","EZ-Bar Curl","wger_has_media=false"
"0dc67cbe-71a3-4e67-ac30-286dc233c077","pelvic-tilt-into-bridge","Pelvic Tilt Into Bridge","free_exercise_db","","0.2","265","Glute Bridge","false","0","3/4 Sit-Up","wger_has_media=false"
"a6241f51-fa05-444b-af2e-27fc58a48f57","peroneals-stretch-other","Peroneals Stretch","free_exercise_db","","0.3333333333333333","1239","Standing Calf Stretch","true","0","3/4 Sit-Up","wger_has_media=true_but_low_match"
"9de16afb-c965-4c3d-88f2-b1153456710f","peroneals-smr-foam-roll","Peroneals-SMR","free_exercise_db","","0","57","Bear Walk 2","false","0","3/4 Sit-Up","wger_has_media=false"
"7cf01148-5abd-4bb4-a8ea-aced4309cf46","physioball-hip-bridge-exercise-ball","Physioball Hip Bridge","free_exercise_db","","0.25","12","Seated Hip Adduction","true","0","3/4 Sit-Up","wger_has_media=true_but_low_match"
"ad0fe3b7-88fb-4958-8f0e-3604afc6e463","pin-presses-barbell","Pin Presses","free_exercise_db","","0.3333333333333333","373","Leg Presses (narrow)","true","0","3/4 Sit-Up","wger_has_media=true_but_low_match"
"a2c1336f-748e-4866-b6eb-f5fc6188e38a","piriformis-smr-foam-roll","Piriformis-SMR","free_exercise_db","","0","57","Bear Walk 2","false","0","3/4 Sit-Up","wger_has_media=false"
"16b260f0-6e47-4384-8270-323c0084511c","plate-pinch-other","Plate Pinch","free_exercise_db","","0.6666666666666666","1430","Plate Pinch Hold","false","0","3/4 Sit-Up","wger_has_media=false"
"0187166e-e5f4-48a5-b406-31ef51a3bd73","platform-hamstring-slides-other","Platform Hamstring Slides","free_exercise_db","","0.25","716","Wall Slides","false","0.25","90/90 Hamstring","wger_has_media=false"
"39341383-b308-4489-9456-c3cbfadd0ab1","plyo-kettlebell-pushups-kettlebells","Plyo Kettlebell Pushups","free_exercise_db","","0.25","960","Kettlebell Swing","false","0","3/4 Sit-Up","wger_has_media=false"
"51a2cde9-f846-4afa-98be-33f1418a9c4b","posterior-tibialis-stretch-other","Posterior Tibialis Stretch","free_exercise_db","","0.25","1200","Tibialis raises","false","0","3/4 Sit-Up","wger_has_media=false"
"9b715185-1460-4199-bbfd-e1eae1d1a8fc","power-clean-barbell","Power Clean","free_exercise_db","","1","683","Power Clean","false","0","3/4 Sit-Up","wger_has_media=false"
"5877795b-c156-4e67-8b3a-126d58d7df66","power-clean-from-blocks-barbell","Power Clean from Blocks","free_exercise_db","","0.5","683","Power Clean","false","0","3/4 Sit-Up","wger_has_media=false"
"0e68f89e-14d8-4a23-a941-383e1630450b","power-jerk-barbell","Power Jerk","free_exercise_db","","0.3333333333333333","683","Power Clean","false","0","3/4 Sit-Up","wger_has_media=false"
"6a137aa0-17c7-4fa3-990b-85edf3bd7168","power-partials-dumbbell","Power Partials","free_exercise_db","","0.3333333333333333","683","Power Clean","false","0","3/4 Sit-Up","wger_has_media=false"
"dedfa47d-a62f-4bb8-9db5-6bcee1be12b1","power-snatch-barbell","Power Snatch","free_exercise_db","","0.3333333333333333","683","Power Clean","false","0","3/4 Sit-Up","wger_has_media=false"
"f342d6af-e9a8-409e-9945-b70d01bf19b1","power-snatch-from-blocks-barbell","Power Snatch from Blocks","free_exercise_db","","0.2","683","Power Clean","false","0","3/4 Sit-Up","wger_has_media=false"
"c49bc123-09a5-4e5f-9d67-b8f66f2559b1","power-stairs-other","Power Stairs","free_exercise_db","","0.3333333333333333","683","Power Clean","false","0","3/4 Sit-Up","wger_has_media=false"
"f5be6283-4e7b-4a5a-8a89-18f255160870","prone-manual-hamstring","Prone Manual Hamstring","free_exercise_db","","0.25","1387","Hamstring Kicks","true","0.25","90/90 Hamstring","wger_has_media=true_but_low_match"
"8b11743e-4ae8-48c2-bad4-dfed3b354734","prowler-sprint-other","Prowler Sprint","free_exercise_db","","0","57","Bear Walk 2","false","0","3/4 Sit-Up","wger_has_media=false"
"4f9fd5de-68d3-400b-8002-e7eddc84feee","pull-through-cable","Pull Through","free_exercise_db","","0.6666666666666666","1751","Cable pull through","false","0","3/4 Sit-Up","wger_has_media=false"
"22c93a1c-f570-4db8-b51a-a60e228899b6","pullups-body-only","Pullups","free_exercise_db","","0","57","Bear Walk 2","false","0","3/4 Sit-Up","wger_has_media=false"
"1c416b43-2981-4d95-bade-e19929730c2d","push-ups-close-triceps-position-body-only","Push-Ups - Close Triceps Position","free_exercise_db","","0.4","1111","Push-Ups | Incline","false","0.16666666666666666","Triceps Pushdown","wger_has_media=false"
"f59aff47-0079-461c-99df-a02b23748a19","push-ups-with-feet-elevated-body-only","Push-Ups With Feet Elevated","free_exercise_db","","0.4","1111","Push-Ups | Incline","false","0","3/4 Sit-Up","wger_has_media=false"
"57ea21d5-a048-43e2-89d9-ca583cb2fbf0","push-ups-with-feet-on-an-exercise-ball-exercise-ball","Push-Ups With Feet On An Exercise Ball","free_exercise_db","","0.25","1111","Push-Ups | Incline","false","0","3/4 Sit-Up","wger_has_media=false"
"0ff7dfa6-1733-40a4-b3fe-a3af2743e8dd","pyramid-exercise-ball","Pyramid","free_exercise_db","","0","57","Bear Walk 2","false","0","3/4 Sit-Up","wger_has_media=false"
"32ad573a-a4e2-4674-8394-ff08333cacb7","quadriceps-smr-foam-roll","Quadriceps-SMR","free_exercise_db","","0.25","1858","Foam Roller quadriceps","true","0","3/4 Sit-Up","wger_has_media=true_but_low_match"
"cbd70c57-58ee-42e7-ad82-a5e332e73f48","quick-leap-other","Quick Leap","free_exercise_db","","0","57","Bear Walk 2","false","0","3/4 Sit-Up","wger_has_media=false"
"019a88dc-c911-459f-bef2-1489386d12f8","rack-delivery-barbell","Rack Delivery","free_exercise_db","","0.3333333333333333","484","Rack Deadlift","true","0","3/4 Sit-Up","wger_has_media=true_but_low_match"
"41de1da7-ae51-417b-aaf8-100454a701ce","rack-pull-with-bands-barbell","Rack Pull with Bands","free_exercise_db","","0.25","1826","Band pull-apart with external rotation","false","0","3/4 Sit-Up","wger_has_media=false"
"d1f0fa58-ac82-48a2-8450-85aa8674a613","rack-pulls-barbell","Rack Pulls","free_exercise_db","","0.3333333333333333","484","Rack Deadlift","true","0","3/4 Sit-Up","wger_has_media=true_but_low_match"
"f1d76e24-9475-49eb-9a70-0cf92e4df123","recumbent-bike-machine","Recumbent Bike","free_exercise_db","","1","1376","Recumbent Bike","false","0","3/4 Sit-Up","wger_has_media=false"
"cbd6284a-3916-4ef7-9674-a506d7703c2e","return-push-from-stance-medicine-ball","Return Push from Stance","free_exercise_db","","0.2","801","Dumbbell Push-Up","false","0","3/4 Sit-Up","wger_has_media=false"
"42485ce6-ef33-4175-af91-26fc3ad5a0af","reverse-band-box-squat-barbell","Reverse Band Box Squat","free_exercise_db","","0.2857142857142857","397","Low Box Squat - Wide Stance","false","0.2","Band Skullcrusher","wger_has_media=false"
"fe33fd04-3122-4859-8b43-d8ab94909c1f","reverse-band-deadlift-barbell","Reverse Band Deadlift","free_exercise_db","","0.3333333333333333","1370","Dumbbell Deadlift","false","0.25","Band Skullcrusher","wger_has_media=false"
"78047453-0b41-4af4-b978-8804b9358a8d","reverse-band-power-squat-barbell","Reverse Band Power Squat","free_exercise_db","","0.25","1747","Smith machine squat","true","0.2","Band Skullcrusher","wger_has_media=true_but_low_match"
"59a8d216-96b7-47f0-a561-0751c48057b3","reverse-flyes-dumbbell","Reverse Flyes","free_exercise_db","","0.3333333333333333","999","Reverse lunges","true","0","3/4 Sit-Up","wger_has_media=true_but_low_match"
"7f0a282f-4d6e-4add-8266-35ba2b5a549c","reverse-flyes-with-external-rotation-dumbbell","Reverse Flyes With External Rotation","free_exercise_db","","0.5","1715","Shoulder External Rotation with Dumbbell","false","0","3/4 Sit-Up","wger_has_media=false"
"fd917307-d72e-42fb-ac9a-db414f4ca476","reverse-hyperextension-machine","Reverse Hyperextension","free_exercise_db","","1","1809","Reverse Hyperextension","false","0","3/4 Sit-Up","wger_has_media=false"
"311bedb7-ff0a-4198-b278-9b2e23ad1b50","reverse-machine-flyes-machine","Reverse Machine Flyes","free_exercise_db","","0.3333333333333333","999","Reverse lunges","true","0","3/4 Sit-Up","wger_has_media=true_but_low_match"
"a0479426-df82-463e-84b8-d9b4c6d93b48","reverse-plate-curls-other","Reverse Plate Curls","free_exercise_db","","0.5","1290","Reverse Grip Barbell Curls","false","0.2","Cable Hammer Curls (Rope Attachment)","wger_has_media=false"
"11444d41-8f52-4e88-a8c9-96899c0688d7","rhomboids-smr-foam-roll","Rhomboids-SMR","free_exercise_db","","0","57","Bear Walk 2","false","0","3/4 Sit-Up","wger_has_media=false"
"1d10bda8-6f9b-492f-863c-81d020ad58f7","rickshaw-carry-other","Rickshaw Carry","free_exercise_db","","0.3333333333333333","1776","Suitcase Carry","false","0","3/4 Sit-Up","wger_has_media=false"
"b6eeb0f2-c061-423b-8191-c39bd45e2450","rickshaw-deadlift-other","Rickshaw Deadlift","free_exercise_db","","0.5","1370","Dumbbell Deadlift","false","0","3/4 Sit-Up","wger_has_media=false"
"c97c3060-06e0-4602-a13b-201c2519b034","rocket-jump-body-only","Rocket Jump","free_exercise_db","","0.2","993","Jump rope: basic jumps","false","0","3/4 Sit-Up","wger_has_media=false"
"133e0bd8-4a40-4f03-a0b2-81e5c9487960","rope-climb-other","Rope Climb","free_exercise_db","","0.3333333333333333","623","Standing Rope Forearm","false","0","3/4 Sit-Up","wger_has_media=false"
"3cc1b6e6-110a-4c19-938a-affd86b56dfe","rope-jumping-other","Rope Jumping","free_exercise_db","","0.3333333333333333","320","Jumping Jacks","false","0","3/4 Sit-Up","wger_has_media=false"
"96c2a854-9bfb-4ac9-9ced-79c58351739e","round-the-world-shoulder-stretch-other","Round The World Shoulder Stretch","free_exercise_db","","0.3333333333333333","1841","Seated Shoulder Extension Stretch","false","0","3/4 Sit-Up","wger_has_media=false"
"7175b348-1b1a-47a0-b48e-7432ceba4fb2","rowing-stationary-machine","Rowing, Stationary","free_exercise_db","","0.5","1093","Rowing Machine","false","0","3/4 Sit-Up","wger_has_media=false"
"272d5245-9fbb-4955-953e-a6de85b171f9","runners-stretch","Runner's Stretch","free_exercise_db","","0.25","1239","Standing Calf Stretch","true","0","3/4 Sit-Up","wger_has_media=true_but_low_match"
"b251ccc1-bf38-49c6-9980-196806f06aa1","running-treadmill-machine","Running, Treadmill","free_exercise_db","","0.3333333333333333","530","Run - Treadmill","false","0","3/4 Sit-Up","wger_has_media=false"
"10444248-a8d5-41bb-924d-61f7500554c0","sandbag-load-other","Sandbag Load","free_exercise_db","","0","57","Bear Walk 2","false","0","3/4 Sit-Up","wger_has_media=false"
"d5ba5de5-f1ac-4e03-8bf7-603a15238208","scapular-pull-up","Scapular Pull-Up","free_exercise_db","","0.5","1542","Wide Pull Up","false","0.16666666666666666","3/4 Sit-Up","wger_has_media=false"
"0a725578-ffb9-4e1b-a255-adaef8f204bd","scissor-kick-body-only","Scissor Kick","free_exercise_db","","0.3333333333333333","1206","scorpion kick","false","0","3/4 Sit-Up","wger_has_media=false"
"d42b35b8-4315-4377-9378-5ab2669d50ac","scissors-jump-body-only","Scissors Jump","free_exercise_db","","0.5","545","Scissors","false","0","3/4 Sit-Up","wger_has_media=false"
"c1d6d2d7-c01c-4768-b26b-c12a542fc929","seated-band-hamstring-curl-other","Seated Band Hamstring Curl","free_exercise_db","","0.3333333333333333","204","Dumbbell Incline Curl","false","0.3333333333333333","Barbell Curl","wger_has_media=false"
"94ad5906-c5a9-430a-9faa-a85315f407cd","seated-biceps-body-only","Seated Biceps","free_exercise_db","","0.5","1424","Biceps Curl Machine","false","0","3/4 Sit-Up","wger_has_media=false"
"a2b40c3c-4355-45fe-94f5-d82b8ec4e375","seated-flat-bench-leg-pull-in-body-only","Seated Flat Bench Leg Pull-In","free_exercise_db","","0.3333333333333333","1889","Decline Bench Leg Raise","true","0.14285714285714285","Close-Grip Barbell Bench Press","wger_has_media=true_but_low_match"
"8635774b-61af-4eab-ac60-135bf425a0a4","seated-floor-hamstring-stretch","Seated Floor Hamstring Stretch","free_exercise_db","","0.5","1393","Single Leg Hamstring Stretch","false","0.25","90/90 Hamstring","wger_has_media=false"
"ea6f7d8c-5626-42d1-90ee-d42bf100c5eb","seated-front-deltoid-body-only","Seated Front Deltoid","free_exercise_db","","0.3333333333333333","256","Front Raises","true","0","3/4 Sit-Up","wger_has_media=true_but_low_match"
"7e9cde21-b01d-4f45-8abd-586806e02a7b","seated-glute-body-only","Seated Glute","free_exercise_db","","0.5","265","Glute Bridge","false","0","3/4 Sit-Up","wger_has_media=false"
"9e7c14ce-8c76-4db9-b299-45dd597677eb","seated-head-harness-neck-resistance-other","Seated Head Harness Neck Resistance","free_exercise_db","","0.2","1007","Head turns","false","0","3/4 Sit-Up","wger_has_media=false"
"5ff4f9c2-d87c-4ca7-9eb9-17a2ae2c51dd","seated-leg-tucks-body-only","Seated Leg Tucks","free_exercise_db","","0.3333333333333333","71","Single Leg Extension","false","0","3/4 Sit-Up","wger_has_media=false"
"245b34ad-87c0-40fa-8aa1-e9f21598606f","seated-overhead-stretch","Seated Overhead Stretch","free_exercise_db","","0.3333333333333333","687","Overhead Press","false","0","3/4 Sit-Up","wger_has_media=false"
"5acaab8e-6609-4e3d-8725-69640fbad10b","seated-two-arm-palms-up-low-pulley-wrist-curl-cable","Seated Two-Arm Palms-Up Low-Pulley Wrist Curl","free_exercise_db","","0.2857142857142857","51","Barbell Wrist Curl","true","0.14285714285714285","Barbell Curl","wger_has_media=true_but_low_match"
"21b75e9a-34cb-48a8-938d-a35d34dfe279","see-saw-press-alternating-side-press-dumbbell","See-Saw Press (Alternating Side Press)","free_exercise_db","","0.3333333333333333","916","Smith Press","false","0.16666666666666666","Close-Grip Barbell Bench Press","wger_has_media=false"
"30aca24c-8e02-45b3-9014-49c1056493d7","shoulder-circles","Shoulder Circles","free_exercise_db","","0.3333333333333333","994","Forward arm circles","false","0","3/4 Sit-Up","wger_has_media=false"
"216cc5c7-72fd-4882-aa6b-0e2f684a8c70","shoulder-raise","Shoulder Raise","free_exercise_db","","0.4","1443","Shoulder Raise Side and Front DB","false","0","3/4 Sit-Up","wger_has_media=false"
"d9bd3d7e-d95e-4cce-9649-8acd7b9b6190","shoulder-stretch","Shoulder Stretch","free_exercise_db","","0.6666666666666666","1841","Seated Shoulder Extension Stretch","false","0","3/4 Sit-Up","wger_has_media=false"
"df711776-e6c0-4757-9188-544f870bd72c","side-bridge-body-only","Side Bridge","free_exercise_db","","0.3333333333333333","265","Glute Bridge","false","0","3/4 Sit-Up","wger_has_media=false"
"124aa9c7-bf11-4474-ab34-e2a38e99221d","side-hop-sprint-other","Side Hop-Sprint","free_exercise_db","","0.25","918","Seated Dumbbell Side Lateral","false","0","3/4 Sit-Up","wger_has_media=false"
"858e9b52-bff0-42cc-8001-8f77f52a010c","side-jackknife-body-only","Side Jackknife","free_exercise_db","","0.3333333333333333","918","Seated Dumbbell Side Lateral","false","0","3/4 Sit-Up","wger_has_media=false"
"a4ba8b6c-a859-49cf-a128-28a52c5ee3fe","side-laterals-to-front-raise-dumbbell","Side Laterals to Front Raise","free_exercise_db","","0.5","1752","Side lateral raise - Front (Cable)","false","0","3/4 Sit-Up","wger_has_media=false"
"5b25b9ab-50ec-49a9-8617-99eaa865916c","side-standing-long-jump","Side Standing Long Jump","free_exercise_db","","0.25","394","Long-Pulley (low Row)","true","0","3/4 Sit-Up","wger_has_media=true_but_low_match"
"cf70d177-7fc4-4623-beaf-ea396569bda8","side-to-side-box-shuffle-other","Side to Side Box Shuffle","free_exercise_db","","0.3333333333333333","583","Side to Side Push Ups","false","0","3/4 Sit-Up","wger_has_media=false"
"440f506c-f9b9-428a-9c3d-8e856922e094","side-to-side-chins-other","Side To Side Chins","free_exercise_db","","0.4","583","Side to Side Push Ups","false","0","3/4 Sit-Up","wger_has_media=false"
"4d5d4750-2a67-432a-9c3a-4e109e5b2991","side-wrist-pull","Side Wrist Pull","free_exercise_db","","0.25","51","Barbell Wrist Curl","true","0","3/4 Sit-Up","wger_has_media=true_but_low_match"
"24fe32c0-ef97-4634-b9af-c877330019e8","single-leg-butt-kick-body-only","Single Leg Butt Kick","free_exercise_db","","0.25","71","Single Leg Extension","false","0","3/4 Sit-Up","wger_has_media=false"
"a2d828a7-bf60-4d19-8de4-a38da6222b9f","single-arm-cable-crossover-cable","Single-Arm Cable Crossover","free_exercise_db","","0.3333333333333333","924","Cable Fly","false","0.25","Cable Hammer Curls (Rope Attachment)","wger_has_media=false"
"e31ef109-ce13-4752-a872-35255850daba","single-arm-linear-jammer-barbell","Single-Arm Linear Jammer","free_exercise_db","","0","57","Bear Walk 2","false","0","3/4 Sit-Up","wger_has_media=false"
"c07773bf-be15-4e90-a885-43db967f709f","single-cone-sprint-drill-other","Single-Cone Sprint Drill","free_exercise_db","","0","57","Bear Walk 2","false","0","3/4 Sit-Up","wger_has_media=false"
"3c73a68c-5fab-4144-b562-3347f12e7b71","single-leg-high-box-squat-other","Single-Leg High Box Squat","free_exercise_db","","0.2857142857142857","397","Low Box Squat - Wide Stance","false","0","3/4 Sit-Up","wger_has_media=false"
"c190e6e8-6ef5-4408-86b2-2a0ada2eaa49","single-leg-hop-progression-other","Single-Leg Hop Progression","free_exercise_db","","0.25","71","Single Leg Extension","false","0","3/4 Sit-Up","wger_has_media=false"
"14cdad94-d029-487b-b58d-b08a8ed142a1","single-leg-lateral-hop-other","Single-Leg Lateral Hop","free_exercise_db","","0.25","71","Single Leg Extension","false","0","3/4 Sit-Up","wger_has_media=false"
"293d798a-3125-4fe2-8192-6f04723b60ec","single-leg-stride-jump-other","Single-Leg Stride Jump","free_exercise_db","","0.25","71","Single Leg Extension","false","0","3/4 Sit-Up","wger_has_media=false"
"724b63eb-34c7-486b-a998-f3936bf34511","sit-squats","Sit Squats","free_exercise_db","","0.5","615","Squats","false","0.2","3/4 Sit-Up","wger_has_media=false"
"b960ec72-ad82-4413-9949-a62bacd7a7af","skating-other","Skating","free_exercise_db","","0","57","Bear Walk 2","false","0","3/4 Sit-Up","wger_has_media=false"
"2f0f09a3-48d3-400b-9c08-863ca091eebe","sled-drag-harness-other","Sled Drag - Harness","free_exercise_db","","0.25","1224","Dumbbell drag curls","false","0","3/4 Sit-Up","wger_has_media=false"
"58e68db4-154d-4c8d-a95b-a919427c2509","sled-overhead-backward-walk-other","Sled Overhead Backward Walk","free_exercise_db","","0.2","995","Backward arm circles","false","0","3/4 Sit-Up","wger_has_media=false"
"82f1ee05-16fc-4520-a2c1-7f552151aa19","sled-push-other","Sled Push","free_exercise_db","","1","1523","Sled Push","false","0","3/4 Sit-Up","wger_has_media=false"
"dfe694ea-d808-452f-8d75-6710077d9107","sled-reverse-flye-other","Sled Reverse Flye","free_exercise_db","","0.5","1473","Reverse Cable Flye","false","0","3/4 Sit-Up","wger_has_media=false"
"a4aaf6ba-8af1-4c2d-843e-4a8192bf8098","sledgehammer-swings-other","Sledgehammer Swings","free_exercise_db","","0.3333333333333333","331","Kettlebell Swings","false","0","3/4 Sit-Up","wger_has_media=false"
"a1ba1799-2e79-493b-9d37-40c875145682","smith-incline-shoulder-raise-barbell","Smith Incline Shoulder Raise","free_exercise_db","","0.4","1443","Shoulder Raise Side and Front DB","false","0","3/4 Sit-Up","wger_has_media=false"
"59c6145d-2258-431d-a7ca-19cc7f775af0","smith-machine-behind-the-back-shrug-machine","Smith Machine Behind the Back Shrug","free_exercise_db","","0.42857142857142855","1807","Behind the Back Cable Lateral Raise","false","0","3/4 Sit-Up","wger_has_media=false"
"a3303caf-5f42-4428-9ceb-4445cbb148c1","smith-machine-hip-raise-machine","Smith Machine Hip Raise","free_exercise_db","","0.6666666666666666","292","Hip Raise, Lying","false","0","3/4 Sit-Up","wger_has_media=false"
"935f9bc7-c31f-4391-927a-53479e5f271c","snatch-barbell","Snatch","free_exercise_db","","0.5","1447","Snatch OL","false","0","3/4 Sit-Up","wger_has_media=false"
"58a2cf00-1fd8-4b92-b0a1-bf61186854de","snatch-balance-barbell","Snatch Balance","free_exercise_db","","0.3333333333333333","1447","Snatch OL","false","0","3/4 Sit-Up","wger_has_media=false"
"660cc294-0d08-4be2-a19f-87ff4439109b","snatch-deadlift-barbell","Snatch Deadlift","free_exercise_db","","0.5","1370","Dumbbell Deadlift","false","0","3/4 Sit-Up","wger_has_media=false"
"75be79d3-1d21-4682-aaac-617082bf3395","snatch-from-blocks-barbell","Snatch from Blocks","free_exercise_db","","0.25","1447","Snatch OL","false","0","3/4 Sit-Up","wger_has_media=false"
"619896a3-5f7d-4095-bc49-59c7a0563550","snatch-pull-barbell","Snatch Pull","free_exercise_db","","0.3333333333333333","289","High Pull","false","0","3/4 Sit-Up","wger_has_media=false"
"a2136d64-7bd7-49ad-8ee3-cb1e3c500f88","speed-box-squat-barbell","Speed Box Squat","free_exercise_db","","0.3333333333333333","397","Low Box Squat - Wide Stance","false","0","3/4 Sit-Up","wger_has_media=false"
"44eec41a-23ba-46e7-af8b-6edeb3fa58a4","speed-squats-barbell","Speed Squats","free_exercise_db","","0.5","615","Squats","false","0","3/4 Sit-Up","wger_has_media=false"
"33f198e4-2603-48fd-889a-3fec7eaf5593","spell-caster-dumbbell","Spell Caster","free_exercise_db","","0","57","Bear Walk 2","false","0","3/4 Sit-Up","wger_has_media=false"
"995e43e7-6968-475c-8096-518636f0deab","spider-crawl-body-only","Spider Crawl","free_exercise_db","","0.3333333333333333","1465","Spider Curl","false","0","3/4 Sit-Up","wger_has_media=false"
"11ce4e38-a4d5-41d6-a605-ab511f9d61c6","spinal-stretch","Spinal Stretch","free_exercise_db","","0.3333333333333333","1239","Standing Calf Stretch","true","0","3/4 Sit-Up","wger_has_media=true_but_low_match"
"fc54fe11-f485-4500-bc82-56b2660c75bd","split-clean-barbell","Split Clean","free_exercise_db","","0.5","1438","Clean","false","0","3/4 Sit-Up","wger_has_media=false"
"3cfb2847-5ab4-48ed-b98e-9ce4ecff059a","split-jerk-barbell","Split Jerk","free_exercise_db","","0.3333333333333333","1366","Dumbbell Split Squat","false","0","3/4 Sit-Up","wger_has_media=false"
"39b55d5e-d74f-4a35-bb3f-356cddd2c614","split-jump-body-only","Split Jump","free_exercise_db","","0.3333333333333333","1366","Dumbbell Split Squat","false","0","3/4 Sit-Up","wger_has_media=false"
"d8019d16-1587-4494-bb51-a089c97b858c","split-snatch-barbell","Split Snatch","free_exercise_db","","0.3333333333333333","1366","Dumbbell Split Squat","false","0","3/4 Sit-Up","wger_has_media=false"
"5ab541ce-c035-47cc-aec6-383e20501419","squat-with-plate-movers-barbell","Squat with Plate Movers","free_exercise_db","","0.3333333333333333","1706","Bulgarian Squat with Dumbbells","true","0","3/4 Sit-Up","wger_has_media=true_but_low_match"
"3340842e-94eb-4298-9f8e-0c2aa2612460","squats-with-bands-bands","Squats - With Bands","free_exercise_db","","0.3333333333333333","615","Squats","false","0","3/4 Sit-Up","wger_has_media=false"
"a827d389-d784-4401-bc11-6b0594b8cffb","stairmaster-machine","Stairmaster","free_exercise_db","","0","57","Bear Walk 2","false","0","3/4 Sit-Up","wger_has_media=false"
"d3b1de20-85a7-47ec-ad9c-b6f582c6b5c6","standing-barbell-press-behind-neck-barbell","Standing Barbell Press Behind Neck","free_exercise_db","","0.3333333333333333","916","Smith Press","false","0.16666666666666666","Close-Grip Barbell Bench Press","wger_has_media=false"
"c7cfc82d-ccb8-4ac4-a373-fdc4500dc6c3","standing-cable-lift-cable","Standing Cable Lift","free_exercise_db","","0.3333333333333333","924","Cable Fly","false","0.25","Cable Hammer Curls (Rope Attachment)","wger_has_media=false"
"8999c22c-d388-4af7-8932-b880c817eaca","standing-cable-wood-chop-cable","Standing Cable Wood Chop","free_exercise_db","","0.5","516","Front Wood Chop","false","0.2","Cable Hammer Curls (Rope Attachment)","wger_has_media=false"
"179068e4-8f7a-4035-b604-4bb42c7a43b3","standing-dumbbell-straight-arm-front-delt-raise-above-head-dumbbell","Standing Dumbbell Straight-Arm Front Delt Raise Above Head","free_exercise_db","","0.375","917","Straight Bar Cable Front Raise","false","0","3/4 Sit-Up","wger_has_media=false"
"8e652ea1-7fa3-4372-99db-3387b42c0425","standing-front-barbell-raise-over-head-barbell","Standing Front Barbell Raise Over Head","free_exercise_db","","0.5","1731","Front Raise (Cable)","false","0","3/4 Sit-Up","wger_has_media=false"
"23fbc299-aca5-4140-89d3-ba5e5cb58fcf","standing-hip-flexors","Standing Hip Flexors","free_exercise_db","","0.3333333333333333","12","Seated Hip Adduction","true","0","3/4 Sit-Up","wger_has_media=true_but_low_match"
"a1c8dff8-f041-4b56-8e19-6cfa6ae18fdd","standing-lateral-stretch","Standing Lateral Stretch","free_exercise_db","","0.3333333333333333","348","Lateral Raises","true","0","3/4 Sit-Up","wger_has_media=true_but_low_match"
"28f09d0a-ba93-47ee-b5fa-76f009764d93","standing-long-jump-body-only","Standing Long Jump","free_exercise_db","","0.3333333333333333","394","Long-Pulley (low Row)","true","0","3/4 Sit-Up","wger_has_media=true_but_low_match"
"1d5db1c0-df38-4708-8fb5-4c3046a6385b","standing-low-pulley-deltoid-raise-cable","Standing Low-Pulley Deltoid Raise","free_exercise_db","","0.3333333333333333","1270","Low Pulley Cable fFly","false","0","3/4 Sit-Up","wger_has_media=false"
"23405c52-eca7-45f4-9ef8-502c3373f9c6","standing-olympic-plate-hand-squeeze-other","Standing Olympic Plate Hand Squeeze","free_exercise_db","","0.2","279","Hand Grip","true","0","3/4 Sit-Up","wger_has_media=true_but_low_match"
"efc83614-ba44-4085-89de-6ba74fd23cef","standing-one-arm-dumbbell-curl-over-incline-bench-dumbbell","Standing One-Arm Dumbbell Curl Over Incline Bench","free_exercise_db","","0.3333333333333333","204","Dumbbell Incline Curl","false","0.3333333333333333","Barbell Curl","wger_has_media=false"
"556163b5-785e-4799-bcb5-45f6bd420c36","standing-palm-in-one-arm-dumbbell-press-dumbbell","Standing Palm-In One-Arm Dumbbell Press","free_exercise_db","","0.3333333333333333","916","Smith Press","false","0.16666666666666666","Close-Grip Barbell Bench Press","wger_has_media=false"
"2af02805-448e-4f4b-bd8d-835373185110","standing-palms-in-dumbbell-press-dumbbell","Standing Palms-In Dumbbell Press","free_exercise_db","","0.3333333333333333","916","Smith Press","false","0.16666666666666666","Close-Grip Barbell Bench Press","wger_has_media=false"
"e99ba946-8320-4f31-bfdf-92b78c608f98","standing-palms-up-barbell-behind-the-back-wrist-curl-barbell","Standing Palms-Up Barbell Behind The Back Wrist Curl","free_exercise_db","","0.3","1807","Behind the Back Cable Lateral Raise","false","0.14285714285714285","Barbell Curl","wger_has_media=false"
"a91d41dd-0132-4861-8283-aaa59b046b66","standing-pelvic-tilt","Standing Pelvic Tilt","free_exercise_db","","0","57","Bear Walk 2","false","0","3/4 Sit-Up","wger_has_media=false"
"34bbd612-0bde-474c-8ee3-22a605112900","standing-soleus-and-achilles-stretch","Standing Soleus And Achilles Stretch","free_exercise_db","","0.5","1240","Standing Soleus Stretch","false","0","3/4 Sit-Up","wger_has_media=false"
"58930026-9779-409c-88a1-47c8f819770b","standing-toe-touches","Standing Toe Touches","free_exercise_db","","0.3333333333333333","1390","Toe Touch","false","0","3/4 Sit-Up","wger_has_media=false"
"39b830fb-d914-4147-a921-bff8372692f8","standing-two-arm-overhead-throw-medicine-ball","Standing Two-Arm Overhead Throw","free_exercise_db","","0.25","687","Overhead Press","false","0","3/4 Sit-Up","wger_has_media=false"
"eb930693-fb8e-4e47-b635-7fb0039e9369","star-jump-body-only","Star Jump","free_exercise_db","","0.2","993","Jump rope: basic jumps","false","0","3/4 Sit-Up","wger_has_media=false"
"017366f7-1f97-4cf1-8685-bbd9cf8044dc","step-mill-machine","Step Mill","free_exercise_db","","0.3333333333333333","981","Step-ups","false","0","3/4 Sit-Up","wger_has_media=false"
"9885413c-0cef-4109-a5e0-03f3661d8f97","step-up-with-knee-raise-body-only","Step-up with Knee Raise","free_exercise_db","","0.3333333333333333","1365","Calf Raise with machine (seated)","false","0.125","3/4 Sit-Up","wger_has_media=false"
"6aea15a0-7077-4b45-9c38-1fc60e7f9f05","stiff-leg-barbell-good-morning-barbell","Stiff Leg Barbell Good Morning","free_exercise_db","","0.5","1392","Good Morning","false","0","3/4 Sit-Up","wger_has_media=false"
"16aecefe-58fd-4ae2-8190-e3e4c7bd7db8","stomach-vacuum-body-only","Stomach Vacuum","free_exercise_db","","0","57","Bear Walk 2","false","0","3/4 Sit-Up","wger_has_media=false"
"5b737cc3-5645-4e4b-ad19-b60be5be977c","straight-bar-bench-mid-rows-barbell","Straight Bar Bench Mid Rows","free_exercise_db","","0.2857142857142857","912","Straight Bar Cable Curls","false","0.14285714285714285","EZ-Bar Curl","wger_has_media=false"
"6a4b7063-c3b7-4909-81b3-dffa4773ff63","straight-raises-on-incline-bench-barbell","Straight Raises on Incline Bench","free_exercise_db","","0.3333333333333333","148","Calf Raises on Hackenschmitt Machine","false","0.14285714285714285","Close-Grip Barbell Bench Press","wger_has_media=false"
"9c416682-0f11-4cce-9559-165a7dbb265e","straight-arm-dumbbell-pullover-dumbbell","Straight-Arm Dumbbell Pullover","free_exercise_db","","0.5","1273","Pullover","false","0","3/4 Sit-Up","wger_has_media=false"
"e7cdf248-ad7b-478b-9333-49e6a1c3e90d","stride-jump-crossover-other","Stride Jump Crossover","free_exercise_db","","0.25","1863","Hip Crossover","true","0","3/4 Sit-Up","wger_has_media=true_but_low_match"
"6716be9d-481d-47e2-9425-7bfc1b733693","superman-body-only","Superman","free_exercise_db","","1","636","Superman","false","0","3/4 Sit-Up","wger_has_media=false"
"ad89c5e7-c7ef-4fba-9f7c-130708766e05","supine-chest-throw-medicine-ball","Supine Chest Throw","free_exercise_db","","0.25","129","Chest Press","false","0","3/4 Sit-Up","wger_has_media=false"
"8b5f1d15-1ec7-45ec-ac03-87e83c59decf","supine-one-arm-overhead-throw-medicine-ball","Supine One-Arm Overhead Throw","free_exercise_db","","0.25","687","Overhead Press","false","0","3/4 Sit-Up","wger_has_media=false"
"e7868e9e-ab43-43d8-a576-a196c9cd74ff","supine-two-arm-overhead-throw-medicine-ball","Supine Two-Arm Overhead Throw","free_exercise_db","","0.2","687","Overhead Press","false","0","3/4 Sit-Up","wger_has_media=false"
"f35aed8d-35a4-4e75-aea6-19f4e3baac5b","suspended-fallout-other","Suspended Fallout","free_exercise_db","","0.3333333333333333","927","Suspended crossess","true","0","3/4 Sit-Up","wger_has_media=true_but_low_match"
"662eac76-78a5-4eb0-b96c-838191d5884e","suspended-reverse-crunch-other","Suspended Reverse Crunch","free_exercise_db","","0.6666666666666666","1772","Reverse crunch","false","0.3333333333333333","Machine Crunch","wger_has_media=false"
"839fc902-21ae-46d8-86dc-b8df718a6c12","t-bar-row-with-handle-barbell","T-Bar Row with Handle","free_exercise_db","","0.6","919","T-Bar row","false","0.14285714285714285","EZ-Bar Curl","wger_has_media=false"
"97c1d84d-bcc8-4b08-a49e-fe708e7d972e","the-straddle","The Straddle","free_exercise_db","","0.25","1847","Straddle L-Sit","false","0","3/4 Sit-Up","wger_has_media=false"
"82aaadc7-7e35-4225-affd-69c044995fb0","thigh-abductor-machine","Thigh Abductor","free_exercise_db","","0","57","Bear Walk 2","false","0","3/4 Sit-Up","wger_has_media=false"
"ffabfde7-2145-47c5-b2c4-5ed18ab812d6","tire-flip-other","Tire Flip","free_exercise_db","","0","57","Bear Walk 2","false","0","3/4 Sit-Up","wger_has_media=false"
"aaf1c021-83fa-4d89-8a1c-a0ba4817a883","toe-touchers-body-only","Toe Touchers","free_exercise_db","","0.3333333333333333","1390","Toe Touch","false","0","3/4 Sit-Up","wger_has_media=false"
"083841df-bf0b-4c02-95c9-bb449fd9eba4","torso-rotation-exercise-ball","Torso Rotation","free_exercise_db","","0.6666666666666666","1451","Torso rotation strech","false","0","3/4 Sit-Up","wger_has_media=false"
"a0d66ff9-bc66-4be0-89cb-28668ce5225c","trail-runningwalking","Trail Running/Walking","free_exercise_db","","0.3333333333333333","1104","Walking","false","0","3/4 Sit-Up","wger_has_media=false"
"1bca7143-9e36-4343-b942-1e16609cecc5","trap-bar-deadlift-other","Trap Bar Deadlift","free_exercise_db","","0.5","1803","Trap Bar Squat","false","0.2","EZ-Bar Curl","wger_has_media=false"
"1f2fc1eb-00e8-416c-b645-baef96ceca40","two-arm-kettlebell-clean-kettlebells","Two-Arm Kettlebell Clean","free_exercise_db","","0.3333333333333333","974","Curl with kettlebell two hands","false","0","3/4 Sit-Up","wger_has_media=false"
"b166d8a6-24cd-442e-9687-4e2a2892fb5d","two-arm-kettlebell-jerk-kettlebells","Two-Arm Kettlebell Jerk","free_exercise_db","","0.3333333333333333","974","Curl with kettlebell two hands","false","0","3/4 Sit-Up","wger_has_media=false"
"4b18e1db-21f4-4e8c-b067-2b4c042e16a3","two-arm-kettlebell-military-press-kettlebells","Two-Arm Kettlebell Military Press","free_exercise_db","","0.2857142857142857","418","Military Press mit SZ-Bar","true","0.14285714285714285","Close-Grip Barbell Bench Press","wger_has_media=true_but_low_match"
"75414eb3-ec8e-428e-b230-62b2eed4bdd5","two-arm-kettlebell-row-kettlebells","Two-Arm Kettlebell Row","free_exercise_db","","0.3333333333333333","1637","Single arm row","true","0","3/4 Sit-Up","wger_has_media=true_but_low_match"
"9935d4c1-6ed2-44d2-a0bb-814bede80b1f","underhand-cable-pulldowns-cable","Underhand Cable Pulldowns","free_exercise_db","","0.25","924","Cable Fly","false","0.2","Cable Hammer Curls (Rope Attachment)","wger_has_media=false"
"6574a3e3-6dfe-4b1c-8864-8f5899e5d58e","upper-back-stretch","Upper Back Stretch","free_exercise_db","","0.6666666666666666","1381","Upper Back","false","0","3/4 Sit-Up","wger_has_media=false"
"c10a2a11-b230-468f-a084-deb73bf7078a","upper-back-leg-grab","Upper Back-Leg Grab","free_exercise_db","","0.5","1381","Upper Back","false","0","3/4 Sit-Up","wger_has_media=false"
"76e0ce13-3944-4466-b13b-e4cca89c8d10","upward-stretch","Upward Stretch","free_exercise_db","","0.3333333333333333","1239","Standing Calf Stretch","true","0","3/4 Sit-Up","wger_has_media=true_but_low_match"
"1f1c6cfa-6962-4c91-925a-5c87665e3c85","v-bar-pulldown-cable","V-Bar Pulldown","free_exercise_db","","1","695","V-Bar Pulldown","false","0.2","EZ-Bar Curl","wger_has_media=false"
"597f7994-0324-4055-9233-a688c75ccdce","v-bar-pullup-body-only","V-Bar Pullup","free_exercise_db","","0.5","695","V-Bar Pulldown","false","0.2","EZ-Bar Curl","wger_has_media=false"
"ae74a86c-9bdb-4200-9576-3fb7997fe72d","vertical-swing-dumbbell","Vertical Swing","free_exercise_db","","0.3333333333333333","960","Kettlebell Swing","false","0","3/4 Sit-Up","wger_has_media=false"
"0b9f4f05-bc63-4493-a5ff-03c738a0813f","walking-treadmill-machine","Walking, Treadmill","free_exercise_db","","0.5","1104","Walking","false","0","3/4 Sit-Up","wger_has_media=false"
"1de10d8c-4067-4323-a111-58da9a629aa0","weighted-ball-hyperextension-exercise-ball","Weighted Ball Hyperextension","free_exercise_db","","0.25","165","Ball crunches","false","0","3/4 Sit-Up","wger_has_media=false"
"7b7457bf-aa76-4cae-abdb-b76a8e46956a","weighted-bench-dip-other","Weighted Bench Dip","free_exercise_db","","0.25","73","Bench Press","true","0.16666666666666666","Close-Grip Barbell Bench Press","wger_has_media=true_but_low_match"
"d7324335-51b9-498e-b798-47dfa1e73edb","weighted-jump-squat-barbell","Weighted Jump Squat","free_exercise_db","","0.3333333333333333","1747","Smith machine squat","true","0","3/4 Sit-Up","wger_has_media=true_but_low_match"
"24c5cbfe-9777-4800-8b15-34d795340abe","weighted-sissy-squat-barbell","Weighted Sissy Squat","free_exercise_db","","0.3333333333333333","1747","Smith machine squat","true","0","3/4 Sit-Up","wger_has_media=true_but_low_match"
"401bbb21-950e-46bf-85af-96acf0930a5c","weighted-sit-ups-with-bands-other","Weighted Sit-Ups - With Bands","free_exercise_db","","0.4","591","Sit-ups","false","0.125","3/4 Sit-Up","wger_has_media=false"
"dd3247ba-05f4-490a-acb5-754bc53b1393","wide-stance-barbell-squat-barbell","Wide Stance Barbell Squat","free_exercise_db","","0.6","397","Low Box Squat - Wide Stance","false","0","3/4 Sit-Up","wger_has_media=false"
"d3673d7c-5f24-4fa1-ba9c-9b77040fadab","wide-stance-stiff-legs-barbell","Wide Stance Stiff Legs","free_exercise_db","","0.2857142857142857","397","Low Box Squat - Wide Stance","false","0","3/4 Sit-Up","wger_has_media=false"
"c91d0847-2506-489b-b499-787caea6b193","wide-grip-decline-barbell-pullover-barbell","Wide-Grip Decline Barbell Pullover","free_exercise_db","","0.4","723","Wide-grip Pulldown","false","0.14285714285714285","Close-Grip Barbell Bench Press","wger_has_media=false"
"347f1e4b-0532-4051-879d-7d4f528a55d8","wide-grip-lat-pulldown-cable","Wide-Grip Lat Pulldown","free_exercise_db","","0.75","723","Wide-grip Pulldown","false","0.14285714285714285","Close-Grip Barbell Bench Press","wger_has_media=false"
"7117c6de-1d45-48c9-b349-efb80b5109e5","wide-grip-pulldown-behind-the-neck-cable","Wide-Grip Pulldown Behind The Neck","free_exercise_db","","0.5","723","Wide-grip Pulldown","false","0.1111111111111111","Close-Grip Barbell Bench Press","wger_has_media=false"
"f5fc1fea-afb8-4172-a7ec-ad20461fb11a","wide-grip-rear-pull-up-body-only","Wide-Grip Rear Pull-Up","free_exercise_db","","0.8","1880","Wide Grip Pull Up","false","0.125","3/4 Sit-Up","wger_has_media=false"
"d7298a38-669e-4a7a-8958-1b3f2292f774","wide-grip-standing-barbell-curl-barbell","Wide-Grip Standing Barbell Curl","free_exercise_db","","0.5","723","Wide-grip Pulldown","false","0.3333333333333333","Barbell Curl","wger_has_media=false"
"d3d55afc-caaa-454a-8042-6855b70a358d","wind-sprints-body-only","Wind Sprints","free_exercise_db","","0.25","961","Swimming 50m sprints","false","0","3/4 Sit-Up","wger_has_media=false"
"c01d0489-cd46-4b59-8c99-53724600bfc9","windmills","Windmills","free_exercise_db","","0","57","Bear Walk 2","false","0","3/4 Sit-Up","wger_has_media=false"
"c8c3d920-d7cf-409f-ac42-a973d36ab82b","worlds-greatest-stretch","World's Greatest Stretch","free_exercise_db","","0.2","1239","Standing Calf Stretch","true","0","3/4 Sit-Up","wger_has_media=true_but_low_match"
"61ed5660-4499-4cfe-b4d4-a2f1ec8dd29d","wrist-circles-body-only","Wrist Circles","free_exercise_db","","0.3333333333333333","994","Forward arm circles","false","0","3/4 Sit-Up","wger_has_media=false"
"33cfb291-8004-471b-b120-9268ac8742d9","wrist-roller-other","Wrist Roller","free_exercise_db","","0.3333333333333333","51","Barbell Wrist Curl","true","0.3333333333333333","Ab Roller","wger_has_media=true_but_low_match"
"14cb181d-86ad-41ec-ae2a-c064d98fbc2b","wrist-rotations-with-straight-bar-barbell","Wrist Rotations with Straight Bar","free_exercise_db","","0.2857142857142857","912","Straight Bar Cable Curls","false","0.14285714285714285","EZ-Bar Curl","wger_has_media=false"
"c816c8c2-b234-414a-84ea-e4cac28be9f4","yoke-walk-other","Yoke Walk","free_exercise_db","","0.3333333333333333","1514","Lateral Walk","false","0","3/4 Sit-Up","wger_has_media=false"
"bce689ff-54cb-4b7a-b643-4b10c2d1be38","zercher-squats-barbell","Zercher Squats","free_exercise_db","","0.5","615","Squats","false","0","3/4 Sit-Up","wger_has_media=false"